frame_count,start_seconds,sat_status,sat_inliers,vpr_triggered,vpr_best_inliers,vpr_best_ratio,source,final_lat,final_lon,error_m,frame_seconds
1,0.0,low_alt,0,True,13,0.52,NO_FIX,,,,0.6988525839988142
31,1.0,low_alt,0,True,18,0.6,NO_FIX,,,,0.4358684590552002
61,2.001,low_alt,0,True,21,0.583,NO_FIX,,,,0.48796683305408806
91,3.002,low_alt,0,True,19,0.633,NO_FIX,,,,0.428766708006151
121,4.003,low_alt,0,True,30,0.429,NO_FIX,,,,0.703909375006333
151,5.004,low_alt,0,True,98,0.891,NO_FIX,,,,0.6212188330246136
181,6.005,low_alt,0,True,116,0.789,VPR_FALLBACK,32.10257734876288,35.20971634876288,7.767940490424801,0.49857962504029274
211,7.006,low_alt,0,True,84,0.824,NO_FIX,,,,0.5668606249382719
241,8.007,low_alt,0,True,65,0.516,NO_FIX,,,,0.5925610000267625
271,9.008,low_alt,0,True,6,0.316,NO_FIX,,,,0.5758489170111716
301,10.008,low_alt,0,True,8,0.2,NO_FIX,,,,0.529616666957736
331,11.009,low_alt,0,True,8,0.229,NO_FIX,,,,0.3939882089616731
361,12.01,low_alt,0,True,19,0.5,NO_FIX,,,,0.44091662496794015
391,13.011,few_matches,0,True,26,0.565,NO_FIX,,,,0.8802784999134019
421,14.012,few_matches,0,True,34,0.596,NO_FIX,,,,0.7991635840153322
451,15.013,few_matches,0,True,47,0.701,NO_FIX,,,,0.8852617921074852
481,16.014,few_matches,0,True,46,0.648,NO_FIX,,,,0.8501181669998914
511,17.015,few_matches,0,True,48,0.565,NO_FIX,,,,0.9611998749896884
541,18.016,few_matches,0,True,55,0.556,NO_FIX,,,,0.8321699170628563
570,18.983,few_matches,0,True,63,0.618,NO_FIX,,,,0.7902846250217408
600,19.984,few_matches,0,True,59,0.488,NO_FIX,,,,0.8499330829363316
630,20.985,ransac_fail,0,True,50,0.476,NO_FIX,,,,0.8784215420018882
660,21.986,ransac_fail,0,True,52,0.456,NO_FIX,,,,0.8058892909903079
690,22.987,ransac_fail,0,True,49,0.402,NO_FIX,,,,1.018560333061032
720,23.988,ransac_fail,0,True,60,0.405,NO_FIX,,,,0.9159355409210548
750,24.989,ransac_fail,0,True,61,0.439,NO_FIX,,,,1.088618167093955
780,25.99,ransac_fail,0,True,72,0.459,NO_FIX,,,,1.159510999917984
810,26.99,ransac_fail,0,True,76,0.469,NO_FIX,,,,0.9928022910607979
840,27.991,ransac_fail,0,True,95,0.579,NO_FIX,,,,0.8511673749890178
870,28.992,ransac_fail,0,True,104,0.581,NO_FIX,,,,0.8623674999689683
900,29.993,ransac_fail,0,True,112,0.605,NO_FIX,,,,0.9490984589792788
930,30.994,ransac_fail,0,True,135,0.696,NO_FIX,,,,0.7810045420192182
960,31.995,ransac_fail,0,True,148,0.695,NO_FIX,,,,0.8400422090198845
990,32.996,ransac_fail,0,True,166,0.716,VPR_FALLBACK,32.10227440536679,35.21038863524125,32.54173526321188,0.9364171670749784
1020,33.997,ransac_fail,0,True,190,0.742,VPR_FALLBACK,32.10227440536679,35.210387635241254,31.311163605546657,0.9375869589857757
1050,34.998,ransac_fail,0,True,206,0.752,VPR_FALLBACK,32.10227440536679,35.210387635241254,30.19645125833689,0.981709333951585
1080,35.999,ransac_fail,0,True,245,0.845,VPR_FALLBACK,32.10227440536679,35.210387635241254,29.149083078478405,0.9381786249577999
1110,36.999,ransac_fail,0,True,265,0.892,VPR_FALLBACK,32.10227440536679,35.210387635241254,28.17656996069284,0.5300743330735713
1140,38.0,ransac_fail,0,True,283,0.91,VPR_FALLBACK,32.10227440536679,35.210387635241254,27.31423693423684,0.5203976249322295
1170,39.001,ransac_fail,0,True,320,0.967,VPR_FALLBACK,32.10227440536679,35.210387635241254,26.512719127169888,0.6597109170397744
1200,40.002,ransac_fail,0,True,331,0.991,VPR_FALLBACK,32.10227440536679,35.210387635241254,25.810611961661948,0.6528600420570001
1230,41.003,ransac_fail,0,True,345,0.997,VPR_FALLBACK,32.10227440536679,35.210387635241254,25.23363167287175,0.5532557920087129
1260,42.004,ransac_fail,0,True,354,0.994,VPR_FALLBACK,32.10227440536679,35.210387635241254,24.83202778450365,0.5391135840909556
1290,43.005,ransac_fail,0,True,339,0.997,VPR_FALLBACK,32.10227440536679,35.210387635241254,24.477536162080217,0.4332779999822378
1320,44.006,ransac_fail,0,True,321,0.994,VPR_FALLBACK,32.10227440536679,35.210387635241254,24.24190512868477,0.6094039590097964
1350,45.007,ransac_fail,0,True,317,0.997,VPR_FALLBACK,32.10227440536679,35.210387635241254,24.128617203369817,0.6003879170166329
1380,46.007,ransac_fail,0,True,317,0.991,VPR_FALLBACK,32.10227440536679,35.210387635241254,24.05284488819329,0.4963795420480892
1410,47.008,ransac_fail,0,True,315,0.997,VPR_FALLBACK,32.10227440536679,35.210387635241254,24.20266663985948,0.49985641601961106
1440,48.009,ransac_fail,0,True,312,0.997,VPR_FALLBACK,32.10227440536679,35.210387635241254,24.207409446608235,0.4758670419687405
1470,49.01,ransac_fail,0,True,308,0.994,VPR_FALLBACK,32.10227440536679,35.210387635241254,24.21125919926455,0.4700724580325186
1500,50.011,ransac_fail,0,True,303,0.993,VPR_FALLBACK,32.10227440536679,35.210387635241254,24.148611528327496,0.5539054999826476
1530,51.012,ransac_fail,0,True,307,0.975,VPR_FALLBACK,32.10227440536679,35.210387635241254,45.33022072494596,0.6278994999593124
1560,52.013,ransac_fail,0,True,297,0.987,VPR_FALLBACK,32.10227440536679,35.210387635241254,51.881602833376036,0.5584990410134196
1590,53.014,ransac_fail,0,True,312,0.997,VPR_FALLBACK,32.10227440536679,35.210387635241254,49.18602608049605,0.6373354579554871
1620,54.015,ransac_fail,0,True,324,0.994,VPR_FALLBACK,32.10227440536679,35.210387635241254,121.9278476013087,0.5808509159833193
1650,55.016,ransac_fail,0,True,315,1.0,VPR_FALLBACK,32.10227440536679,35.210387635241254,126.59738291121985,0.5531465419335291
1680,56.016,ransac_fail,0,True,319,0.988,VPR_FALLBACK,32.10227440536679,35.210387635241254,128.70893814128027,0.5255574999609962
1709,56.984,ransac_fail,0,True,297,0.987,VPR_FALLBACK,32.10227440536679,35.210387635241254,127.24189589814314,0.7446236670948565
1739,57.985,ransac_fail,0,True,307,0.984,VPR_FALLBACK,32.10227440536679,35.210387635241254,127.05761186557339,0.6366039590211585
1769,58.986,ransac_fail,0,True,349,0.986,VPR_FALLBACK,32.10227440536679,35.210387635241254,127.06189300883148,0.47413270792458206
1799,59.987,ransac_fail,0,True,314,0.997,VPR_FALLBACK,32.10227440536679,35.210387635241254,127.06189300883148,0.4345621250104159
1829,60.988,ransac_fail,0,True,358,0.978,VPR_FALLBACK,32.10227440536679,35.210387635241254,127.15612058287384,0.5544727919623256
1859,61.989,ransac_fail,0,True,301,0.98,VPR_FALLBACK,32.10227440536679,35.21038863524125,127.25034826185373,0.616723999963142
1889,62.989,ransac_fail,0,True,304,0.997,VPR_FALLBACK,32.10227440536679,35.21038863524125,127.10478233824973,0.569123666966334
1919,63.99,ransac_fail,0,True,352,0.997,VPR_FALLBACK,32.10227560995408,35.21038607262625,126.86857451868927,0.6129652500385419
1949,64.991,ransac_fail,0,True,307,0.975,VPR_FALLBACK,32.10227440536679,35.21038863524125,127.10478233824973,0.5593539999099448
1979,65.992,ransac_fail,0,True,345,0.98,VPR_FALLBACK,32.10227560995408,35.21038607262625,126.87305246144312,0.5332326249917969
2009,66.993,ransac_fail,0,True,284,0.983,VPR_FALLBACK,32.10227440536679,35.210387635241254,127.0149094201486,0.9409819169668481
2039,67.994,ransac_fail,0,True,307,0.99,VPR_FALLBACK,32.1022754053668,35.210387635241254,127.01936085757653,0.7571404580958188
2069,68.995,ransac_fail,0,True,319,0.985,VPR_FALLBACK,32.10227440536679,35.210387635241254,127.01936224608697,0.5743474169867113
2099,69.996,ransac_fail,0,True,344,0.986,VPR_FALLBACK,32.10227440536679,35.210387635241254,127.01936224608697,0.5952142090536654
2129,70.997,ransac_fail,0,True,351,0.98,VPR_FALLBACK,32.10227440536679,35.210387635241254,126.92514055479131,0.4627738749841228
2159,71.998,ransac_fail,0,True,372,0.984,VPR_FALLBACK,32.10227460995407,35.21038707262625,126.87305384832874,0.6889857079368085
2189,72.998,ransac_fail,0,True,367,0.995,VPR_FALLBACK,32.10227460995407,35.21038707262625,126.87305384832874,0.492839541984722
2219,73.999,ransac_fail,0,True,318,1.0,VPR_FALLBACK,32.10227440536679,35.210387635241254,126.92969415796932,0.6072500410955399
2249,75.0,ransac_fail,0,True,345,0.991,VPR_FALLBACK,32.10227440536679,35.210387635241254,126.92969415796932,0.4382109170546755
2279,76.001,ransac_fail,0,True,354,0.989,VPR_FALLBACK,32.10227440536679,35.210387635241254,127.02856008928566,0.47492720908485353
2309,77.002,ransac_fail,0,True,385,0.997,VPR_FALLBACK,32.10227440536679,35.210387635241254,127.02856008928566,0.39970849989913404
2339,78.003,ok,12,False,0,0.0,SAT,32.101444,35.20766,156.63803033047978,0.2129454999230802
2369,79.004,ok,22,False,0,0.0,SAT,32.10179,35.208332,82.58494185815755,0.3188287910306826
2399,80.005,ok,27,False,0,0.0,SAT,32.101883,35.2085,63.79561172797236,0.29197308304719627
2429,81.006,ok,31,False,0,0.0,SAT,32.10198,35.208668,44.773237663682806,0.44598041696008295
2459,82.007,ok,32,False,0,0.0,SAT,32.10199,35.20868,43.13948496317826,0.3626946670701727
2489,83.007,ok,37,False,0,0.0,SAT,32.10208,35.208843,24.70406058614963,0.4027012080186978
2519,84.008,ok,37,False,0,0.0,SAT,32.10211,35.2089,18.132954771044183,0.31572566693648696
2549,85.009,ok,35,False,0,0.0,SAT,32.10211,35.20892,16.857078561443657,0.37950466701295227
2579,86.01,ok,32,False,0,0.0,SAT,32.102177,35.209,6.451710516648903,0.32416154199745506
2609,87.011,ok,37,False,0,0.0,SAT,32.10217,35.209,7.141541374834357,0.3993417080491781
2639,88.012,ok,33,False,0,0.0,SAT,32.10211,35.208946,15.248952567439463,0.3288546249968931
2669,89.013,ok,42,False,0,0.0,SAT,32.10213,35.20894,14.078397119031184,0.6171648750314489
2699,90.014,ok,47,False,0,0.0,SAT,32.10212,35.208935,14.388792318778528,0.5662395419785753
2729,91.015,ok,30,False,0,0.0,SAT,32.102093,35.208874,16.39964785664201,0.6764361249515787
2759,92.016,ok,35,False,0,0.0,SAT,32.102066,35.208817,16.396202783942645,0.45315437496174127
2789,93.016,ok,35,False,0,0.0,SAT,32.10202,35.208748,16.565803518312162,0.4476514579728246
2818,93.984,ok,21,False,0,0.0,SAT,32.10191,35.208733,17.556748006602128,0.4164572909940034
2848,94.985,ok,19,False,0,0.0,SAT,32.101963,35.208527,19.874518523222232,0.3949774999637157
2878,95.986,ok,16,False,0,0.0,SAT,32.10198,35.20844,17.0834392803434,0.355863583041355
2908,96.987,ransac_fail,0,True,70,0.654,NO_FIX,,,,1.257063208031468
2938,97.988,ok,20,False,0,0.0,SAT,32.102383,35.208157,24.449481966896794,0.41359833301976323
2968,98.988,ok,17,False,0,0.0,SAT,32.102524,35.20811,19.128557666536672,0.3294313329970464
2998,99.989,ok,21,False,0,0.0,SAT,32.102562,35.208008,20.66176226716979,0.3447368750348687
3028,100.99,ok,20,False,0,0.0,SAT,32.102615,35.207912,21.127788259378434,0.28632274991832674
3058,101.991,ok,21,False,0,0.0,SAT,32.102623,35.20779,22.915585579041686,0.4157061669975519
3088,102.992,ok,33,False,0,0.0,SAT,32.102654,35.20771,21.210921718086123,0.2660444169305265
3118,103.993,ok,32,False,0,0.0,SAT,32.10269,35.207615,20.77885210195234,0.3444042090559378
3148,104.994,ok,26,False,0,0.0,SAT,32.10273,35.20751,21.2341843380595,0.3557482910109684
3178,105.995,ok,25,False,0,0.0,SAT,32.102776,35.207424,20.918736443954224,0.27543054206762463
3208,106.996,ok,31,False,0,0.0,SAT,32.1028,35.207294,23.32502140180622,0.46675224998034537
3238,107.997,ok,31,False,0,0.0,SAT,32.102837,35.207203,23.08138441285299,0.24500325007829815
3268,108.997,ok,26,False,0,0.0,SAT,32.10286,35.2071,23.13871538737024,0.27828079205937684
3298,109.998,ok,28,False,0,0.0,SAT,32.102898,35.206978,25.33831861368103,0.2992491669720039
3328,110.999,ok,25,False,0,0.0,SAT,32.102905,35.206886,24.235480803872655,0.4673474580049515
3358,112.0,ok,30,False,0,0.0,SAT,32.10293,35.206768,25.66682300783547,0.49717683298513293
3388,113.001,ok,33,False,0,0.0,SAT,32.102947,35.206657,25.76499071744527,0.5615269580157474
3418,114.002,ok,27,False,0,0.0,SAT,32.102978,35.20656,26.069776385687906,0.24403958301991224
3448,115.003,ok,30,False,0,0.0,SAT,32.10303,35.20648,24.7253046904704,0.48627624998334795
3478,116.004,ok,29,False,0,0.0,SAT,32.103073,35.206337,29.080576037922455,0.24485162494238466
3508,117.005,ok,27,False,0,0.0,SAT,32.103092,35.206287,24.23380724749304,0.3849752920214087
3538,118.006,ok,25,False,0,0.0,SAT,32.103073,35.206123,29.49996189734259,0.3928135420428589
3568,119.006,ok,25,False,0,0.0,SAT,32.103138,35.206066,25.890613454789953,0.33321925008203834
3598,120.007,ok,23,False,0,0.0,SAT,32.103165,35.205963,25.890606186938758,0.38060633407440037
3628,121.008,ok,29,False,0,0.0,SAT,32.103218,35.205822,30.36741669744184,0.35060537490062416
3658,122.009,ok,25,False,0,0.0,SAT,32.103195,35.205673,33.856120314934316,0.4345692910719663
3688,123.01,ok,23,False,0,0.0,SAT,32.103268,35.205616,30.3496926334871,0.338819041964598
3718,124.011,ok,18,False,0,0.0,SAT,32.103035,35.205494,31.646896642956538,0.27139074995648116
3748,125.012,ok,17,False,0,0.0,SAT,32.102867,35.20535,40.16999111337023,0.30650070891715586
3778,126.013,ok,31,False,0,0.0,SAT,32.10317,35.2053,28.42128024191909,0.5008373329183087
3808,127.014,ok,13,False,0,0.0,SAT,32.103233,35.20511,37.56785989874192,0.3995919169392437
3838,128.014,ransac_fail,0,True,187,0.773,VPR_FALLBACK,32.102844091340266,35.20543810814187,37.378900537143835,1.2359030829975381
3868,129.015,ok,11,False,0,0.0,SAT,32.103233,35.204956,31.99795668877131,0.3004356250166893
3898,130.016,ok,8,False,0,0.0,SAT,32.103542,35.20643,122.86527335065391,0.3061128749977797
3927,130.984,ok,12,False,0,0.0,SAT,32.10331,35.20453,53.22848549383074,0.308746499940753
3957,131.985,ok,26,False,0,0.0,SAT,32.103344,35.204685,30.66737631011891,0.4665749999694526
3987,132.986,ok,15,False,0,0.0,SAT,32.103317,35.20454,32.88727297153728,0.5424049590947106
4017,133.987,ok,23,False,0,0.0,SAT,32.10335,35.204437,33.667589794805664,0.5358247499680147
4047,134.987,ok,22,False,0,0.0,SAT,32.103317,35.204346,30.880361719177863,0.44516770797781646
4077,135.988,ok,10,False,0,0.0,SAT,32.103287,35.204292,25.59636792378427,0.28666720900218934
4107,136.989,ok,11,False,0,0.0,SAT,32.103413,35.20411,35.6077158589876,0.3071044160751626
4137,137.99,ok,12,False,0,0.0,SAT,32.10338,35.203983,36.01411647204641,0.31174250005278736
4167,138.991,ok,21,False,0,0.0,SAT,32.103474,35.203922,35.70873612670332,0.3601089579751715
4197,139.992,ok,28,False,0,0.0,SAT,32.10341,35.203793,34.38735624871473,0.39000375010073185
4227,140.993,ok,29,False,0,0.0,SAT,32.10343,35.203674,35.88747133557722,0.34560424997471273
4257,141.994,ok,39,False,0,0.0,SAT,32.10343,35.203556,36.774854524059855,0.4631447079591453
4287,142.995,ok,34,False,0,0.0,SAT,32.103485,35.20347,36.66294836307667,0.4691028749803081
4317,143.996,ok,32,False,0,0.0,SAT,32.10344,35.203354,36.03732449254802,0.3336493329843506
4347,144.996,ok,35,False,0,0.0,SAT,32.103462,35.203262,34.68638880757115,0.5219364169752225
4377,145.997,ok,49,False,0,0.0,SAT,32.103577,35.20315,38.269930419796424,0.3658303329721093
4407,146.998,ransac_fail,0,True,83,0.783,NO_FIX,,,,1.2261610829737037
4437,147.999,ok,22,False,0,0.0,SAT,32.104313,35.203903,50.534787207255995,0.3640638330252841
4467,149.0,ok,50,False,0,0.0,SAT,32.10437,35.203743,37.077991278343625,0.379718582960777
4497,150.001,ok,52,False,0,0.0,SAT,32.104347,35.203487,37.9942397716823,0.604299750062637
4527,151.002,ok,53,False,0,0.0,SAT,32.104412,35.20344,35.656311999288505,0.4505776669830084
4557,152.003,ok,49,False,0,0.0,SAT,32.104485,35.203384,36.03173521207216,0.5696781250881031
4587,153.004,ok,55,False,0,0.0,SAT,32.104546,35.203346,34.21093404838548,0.4770867080660537
4617,154.004,ok,50,False,0,0.0,SAT,32.104626,35.20329,34.76233371942454,0.3302854159846902
4647,155.005,ok,54,False,0,0.0,SAT,32.1047,35.203236,34.405150370043,0.5497965000104159
4677,156.006,ok,29,False,0,0.0,SAT,32.10476,35.20319,32.5899470483232,0.41318887507077307
4707,157.007,ok,48,False,0,0.0,SAT,32.10484,35.20314,32.749908413696275,0.5481726250145584
4737,158.008,ok,54,False,0,0.0,SAT,32.104916,35.203087,32.94489075049588,0.6407778339926153
4767,159.009,ok,55,False,0,0.0,SAT,32.104992,35.203037,32.789809459413775,0.6509138750843704
4797,160.01,ok,55,False,0,0.0,SAT,32.10507,35.202988,32.589913293028175,0.40967016597278416
4827,161.011,ok,58,False,0,0.0,SAT,32.105137,35.202934,31.68358496591755,0.6435999579261988
4857,162.012,ok,45,False,0,0.0,SAT,32.105217,35.202885,31.885087030377402,0.6141404170775786
4887,163.013,ok,47,False,0,0.0,SAT,32.105297,35.20284,31.683567876080485,0.5038999170064926
4917,164.013,ok,48,False,0,0.0,SAT,32.105377,35.202778,32.58987969031504,0.46515304199419916
4947,165.014,ok,48,False,0,0.0,SAT,32.10544,35.202736,30.224914238603635,0.5673616250278428
4977,166.015,ok,53,False,0,0.0,SAT,32.105515,35.20267,30.711036379838532,0.366997207980603
5007,167.016,ok,46,False,0,0.0,SAT,32.10558,35.20262,29.699092973997534,0.4802861660718918
5036,167.984,ok,48,False,0,0.0,SAT,32.105667,35.20258,29.873828830416524,0.3724463749676943
5066,168.985,ok,46,False,0,0.0,SAT,32.10575,35.202522,30.778150603622215,0.46203583397436887
5096,169.985,ok,46,False,0,0.0,SAT,32.10583,35.20247,31.130591042538647,0.360177458031103
5126,170.986,ok,41,False,0,0.0,SAT,32.105904,35.20241,30.981354732494612,0.3893150419462472
5156,171.987,ok,39,False,0,0.0,SAT,32.105995,35.202347,32.85080759835261,0.39463429199531674
5186,172.988,ok,43,False,0,0.0,SAT,32.106068,35.202297,31.951022058358177,0.4746126669924706
5216,173.989,ok,59,False,0,0.0,SAT,32.10615,35.202236,32.85078868055901,0.41390587494242936
5246,174.99,ok,55,False,0,0.0,SAT,32.106213,35.20215,33.370104615414306,0.5424081670353189
5276,175.991,ok,52,False,0,0.0,SAT,32.1063,35.20206,36.05043962987454,0.5233220409136266
5306,176.992,ok,53,False,0,0.0,SAT,32.10635,35.20202,32.50587257218376,0.36826758296228945
5336,177.993,ok,44,False,0,0.0,SAT,32.106606,35.20229,43.27408834849968,0.3596680829068646
5366,178.994,ok,19,False,0,0.0,SAT,32.106655,35.202908,52.75046923500928,0.3353437079349533
5396,179.994,ok,16,False,0,0.0,SAT,32.106346,35.20332,40.03779948764443,0.3621731250314042
5426,180.995,ok,31,False,0,0.0,SAT,32.10637,35.203495,31.686895906592632,0.36385554203297943
5456,181.996,ok,32,False,0,0.0,SAT,32.1064,35.203503,23.763286297315254,0.4861862079706043
5486,182.997,ok,36,False,0,0.0,SAT,32.106445,35.203594,24.22636006338026,0.3791707499185577
5516,183.998,ok,38,False,0,0.0,SAT,32.1065,35.203682,24.640877017068927,0.38351041602436453
5546,184.999,ok,26,False,0,0.0,SAT,32.106712,35.20379,37.23526195940891,0.4012252079555765
5576,186.0,ok,23,False,0,0.0,SAT,32.106834,35.203796,37.48631829553255,0.3867306250613183
5606,187.001,ok,16,False,0,0.0,SAT,32.107216,35.20344,53.54942911012015,0.2786694999085739
5636,188.002,ok,11,False,0,0.0,SAT,32.1073,35.20334,47.609760174613655,0.3698866249760613
5666,189.003,ransac_fail,0,True,10,0.227,NO_FIX,,,,1.786791207967326
5696,190.003,ok,22,False,0,0.0,SAT,32.10744,35.20355,50.11362665519267,0.44593691697809845
5726,191.004,ok,28,False,0,0.0,SAT,32.107555,35.203594,52.839314394248774,0.47601974999997765
5756,192.005,ok,33,False,0,0.0,SAT,32.107655,35.203613,54.221942981186444,0.37694179208483547
5786,193.006,ok,29,False,0,0.0,SAT,32.10763,35.203873,54.841786246572916,0.4371839170344174
5816,194.007,ok,36,False,0,0.0,SAT,32.107635,35.20405,53.7959924455442,0.44694129191339016
5846,195.008,ok,34,False,0,0.0,SAT,32.107723,35.204105,54.24001402131475,0.4383602919988334
5876,196.009,ok,35,False,0,0.0,SAT,32.10781,35.204163,55.30682512048951,0.43691508297342807
5906,197.01,ok,30,False,0,0.0,SAT,32.107914,35.20422,58.3343205563554,0.5245095000136644
5936,198.011,ok,36,False,0,0.0,SAT,32.107986,35.20429,59.30517128245571,0.4793180408887565
5966,199.012,ok,33,False,0,0.0,SAT,32.108086,35.20435,61.243759917623784,0.5026032500900328
5996,200.012,ok,35,False,0,0.0,SAT,32.10818,35.204407,63.45157435234477,0.44257708301302046
6026,201.013,ok,23,False,0,0.0,SAT,32.10789,35.204754,66.2196832438601,0.4212193749845028
6056,202.014,ok,38,False,0,0.0,SAT,32.10733,35.204865,63.978263756133714,0.5074463749770075
6086,203.015,ok,38,False,0,0.0,SAT,32.107353,35.204967,47.70637398867701,0.4644861249253154
6116,204.016,ok,33,False,0,0.0,SAT,32.107376,35.20508,46.950323213416894,0.4878043329808861
6145,204.984,ok,34,False,0,0.0,SAT,32.107418,35.204983,30.384145419975116,0.4498364160535857
6175,205.984,ok,29,False,0,0.0,SAT,32.10768,35.2053,49.34475784312804,0.45996629202272743
6205,206.985,ok,24,False,0,0.0,SAT,32.107723,35.205387,52.7628427297649,0.47524774994235486
6235,207.986,ok,19,False,0,0.0,SAT,32.107727,35.205505,57.7110212553245,0.38394395797513425
6265,208.987,ok,20,False,0,0.0,SAT,32.1078,35.20563,70.04543075017669,0.43516879191156477
6295,209.988,ransac_fail,0,True,7,0.171,NO_FIX,,,,1.0719409580342472
6325,210.989,ransac_fail,0,True,7,0.156,NO_FIX,,,,0.994474041974172
6355,211.99,ransac_fail,0,True,8,0.286,NO_FIX,,,,0.9923315000487491
6385,212.991,ransac_fail,0,True,7,0.194,NO_FIX,,,,1.2428030000301078
6415,213.992,ok,26,False,0,0.0,SAT,32.10806,35.20574,90.96848312873317,0.5697584160370752
6445,214.993,ok,33,False,0,0.0,SAT,32.108097,35.205803,66.03495447228198,0.5645856250775978
6475,215.993,ok,15,False,0,0.0,SAT,32.10798,35.205875,59.73967150103435,0.4118788751075044
6505,216.994,ok,15,False,0,0.0,SAT,32.107933,35.206013,60.66716665757672,0.36411091696936637
6535,217.995,ok,11,False,0,0.0,SAT,32.107983,35.20606,54.689093475998575,0.5239797499962151
6565,218.996,ok,14,False,0,0.0,SAT,32.107994,35.206223,60.93728025032039,0.5777900830144063
6595,219.997,ok,11,False,0,0.0,SAT,32.107983,35.206276,55.832541794462465,0.2881586659932509
6625,220.998,ok,26,False,0,0.0,SAT,32.107956,35.20642,59.711565464115715,0.4513716669753194
6655,221.999,ok,27,False,0,0.0,SAT,32.107834,35.20647,55.041820859119895,0.4664532078895718
6685,223.0,ok,29,False,0,0.0,SAT,32.107815,35.206562,53.878797698040714,0.4137692500371486
6715,224.001,ok,37,False,0,0.0,SAT,32.10779,35.206696,56.42720504518594,0.423721041996032
6745,225.002,ok,34,False,0,0.0,SAT,32.107864,35.20672,48.29131158197242,0.42685916600748897
6775,226.002,ok,31,False,0,0.0,SAT,32.107803,35.206882,54.01507738079046,0.353245583944954
6805,227.003,ok,32,False,0,0.0,SAT,32.10776,35.20702,57.14266956737489,0.34357670799363405
6835,228.004,ok,34,False,0,0.0,SAT,32.107758,35.207108,55.26948634823119,0.37622395798098296
6865,229.005,ok,29,False,0,0.0,SAT,32.10776,35.20718,51.937581397809026,0.449736291076988
6895,230.006,ok,31,False,0,0.0,SAT,32.10775,35.207264,50.14413895205189,0.24183866707608104
6925,231.007,ok,30,False,0,0.0,SAT,32.107746,35.207382,51.16380833766211,0.28488720895256847
6955,232.008,ok,45,False,0,0.0,SAT,32.10772,35.207508,53.440136916060695,0.3493235829519108
6985,233.009,ok,38,False,0,0.0,SAT,32.1077,35.207626,54.6869331570365,0.38384600006975234
7015,234.01,ok,46,False,0,0.0,SAT,32.107697,35.207726,53.878866607831206,0.37206416693516076
7045,235.011,ok,45,False,0,0.0,SAT,32.10768,35.207806,51.473058782467575,0.42272395896725357
7075,236.011,ok,42,False,0,0.0,SAT,32.107674,35.207928,52.901104373380655,0.500958832912147
7105,237.012,ok,48,False,0,0.0,SAT,32.107666,35.20803,52.80557854345004,0.41033133398741484
7135,238.013,ok,45,False,0,0.0,SAT,32.107662,35.208138,52.72356129054446,0.4271639590151608
7165,239.014,ok,49,False,0,0.0,SAT,32.107445,35.208157,50.415439366767906,0.49634758301544935
7195,240.015,ok,42,False,0,0.0,SAT,32.107407,35.208225,47.57834823637931,0.5258095420431346
7225,241.016,ok,53,False,0,0.0,SAT,32.107162,35.208176,46.82126777518412,0.45406512496992946
7254,241.983,ok,54,False,0,0.0,SAT,32.10708,35.208214,44.470172614372764,0.3932540829991922
7284,242.984,ok,51,False,0,0.0,SAT,32.10695,35.2082,42.9233436788745,0.4585281669860706
7314,243.985,ok,55,False,0,0.0,SAT,32.106586,35.20738,66.18396339618094,0.39569733408279717
7344,244.986,ok,50,False,0,0.0,SAT,32.106533,35.20736,43.698022535980876,0.5064912920352072
7374,245.987,ok,44,False,0,0.0,SAT,32.10646,35.207355,37.66065031212144,0.28996408404782414
7404,246.988,ok,48,False,0,0.0,SAT,32.106373,35.207344,38.03955769037256,0.2948876660084352
7434,247.989,ok,46,False,0,0.0,SAT,32.106304,35.20741,35.672426798971316,0.3185312090208754
7464,248.99,ok,47,False,0,0.0,SAT,32.106216,35.207417,35.6778670573763,0.24713879206683487
7494,249.991,ok,47,False,0,0.0,SAT,32.106144,35.2074,34.48869998263468,0.25342820794321597
7524,250.992,ok,47,False,0,0.0,SAT,32.106056,35.207405,34.09367237887946,0.37100804096553475
7554,251.992,ok,44,False,0,0.0,SAT,32.105965,35.207397,34.763351173729646,0.3482650410151109
7584,252.993,ok,43,False,0,0.0,SAT,32.105877,35.20741,34.20166219478655,0.35211329197045416
7614,253.994,ok,50,False,0,0.0,SAT,32.106018,35.20671,59.016600079113914,0.4863785420311615
7644,254.995,ok,40,False,0,0.0,SAT,32.106323,35.206413,62.60498489476236,0.5692532089306042
7674,255.996,ok,40,False,0,0.0,SAT,32.106335,35.206318,41.42575857438948,0.3957823329837993
7704,256.997,ok,50,False,0,0.0,SAT,32.106304,35.206234,33.814995852483186,0.4198877909220755
7734,257.998,ok,45,False,0,0.0,SAT,32.106274,35.206142,32.75800222258234,0.47646087501198053
7764,258.999,ok,43,False,0,0.0,SAT,32.106285,35.20604,33.13649184181773,0.40299629198852926
7794,260.0,ok,51,False,0,0.0,SAT,32.106316,35.20591,35.74896231700665,0.5250407080166042
7824,261.001,ok,57,False,0,0.0,SAT,32.106327,35.2058,35.982754796602585,0.5155805420363322
7854,262.001,ok,58,False,0,0.0,SAT,32.1063,35.205685,37.16852570307287,0.3762144580250606
7884,263.002,ok,49,False,0,0.0,SAT,32.106274,35.20561,34.97024349638513,0.4831046250183135
7914,264.003,ok,47,False,0,0.0,SAT,32.10625,35.205498,35.68082374509034,0.3995908750221133
7944,265.004,ok,49,False,0,0.0,SAT,32.10624,35.2054,35.394345101251496,0.4328227089717984
7974,266.005,ok,42,False,0,0.0,SAT,32.10621,35.20529,35.55933733597086,0.4403029589448124
8004,267.006,ok,47,False,0,0.0,SAT,32.106194,35.205208,33.364308652314214,0.3736578340176493
8034,268.007,ok,52,False,0,0.0,SAT,32.106213,35.205097,34.13568365084836,0.2774064160184935
8064,269.008,ok,45,False,0,0.0,SAT,32.10625,35.204975,35.316495660872846,0.3656833750428632
8094,270.009,ok,44,False,0,0.0,SAT,32.106323,35.204887,34.150565935395385,0.4151358330855146
8124,271.01,ok,42,False,0,0.0,SAT,32.10645,35.204792,36.232078251286254,0.7011056250194088
8154,272.01,ok,44,False,0,0.0,SAT,32.10644,35.204697,33.45516371994464,0.3743009159807116
8184,273.011,ok,40,False,0,0.0,SAT,32.10644,35.2046,32.95839969970173,0.31066608300898224
8214,274.012,ok,39,False,0,0.0,SAT,32.106445,35.20447,35.124865668085,0.35780479095410556
8244,275.013,ok,36,False,0,0.0,SAT,32.106457,35.204365,35.124861881251846,0.3562812909949571
8274,276.014,ok,31,False,0,0.0,SAT,32.106457,35.204258,35.46031433254243,0.3933435840299353
8304,277.015,ok,36,False,0,0.0,SAT,32.106487,35.20418,34.662443384240376,0.4307810829486698
8334,278.016,ok,33,False,0,0.0,SAT,32.106472,35.20405,36.494577760363974,0.4015417500631884
8363,278.983,ok,42,False,0,0.0,SAT,32.106487,35.203968,35.304202258503906,0.30179479194339365
8393,279.984,ok,33,False,0,0.0,SAT,32.106472,35.203842,36.44190430643894,0.3826067909831181
8423,280.985,ok,39,False,0,0.0,SAT,32.106472,35.203724,38.73821828699821,0.3738152919104323
8453,281.986,ok,41,False,0,0.0,SAT,32.106464,35.203632,38.18178732554769,0.3747919580200687
8483,282.987,ok,43,False,0,0.0,SAT,32.106453,35.203514,40.55752218867016,0.3377901669591665
8513,283.988,ok,41,False,0,0.0,SAT,32.106285,35.203434,35.606769199829046,0.3239372919779271
8543,284.989,ok,49,False,0,0.0,SAT,32.105877,35.203472,28.029675045941826,0.46018279204145074
8573,285.99,ok,26,False,0,0.0,SAT,32.105564,35.20367,26.659468490225663,0.30526370799634606
8603,286.991,ok,9,False,0,0.0,SAT,32.10546,35.20373,34.28338759851094,0.3356362080667168
8633,287.991,ransac_fail,0,True,108,0.857,VPR_FALLBACK,32.10513252621065,35.2049075087369,78.98151888597201,1.3888711250619963
8663,288.992,ransac_fail,0,True,93,0.809,NO_FIX,,,,1.1193316250573844
8693,289.993,ransac_fail,0,True,104,0.86,VPR_FALLBACK,32.10513252621065,35.2049075087369,72.07973655187743,1.1806674579856917
8723,290.994,ok,10,False,0,0.0,SAT,32.10498,35.203907,40.855108394982764,0.28990479093044996
8753,291.995,ransac_fail,0,True,146,0.859,VPR_FALLBACK,32.104952234370984,35.20488506391934,53.75081304232916,0.8942587500205263
8783,292.996,ransac_fail,0,True,139,0.79,VPR_FALLBACK,32.104952234370984,35.20488506391934,48.98753003673995,0.8827802909072489
8813,293.997,ok,8,False,0,0.0,SAT,32.10479,35.20436,16.042115459934255,0.28245687496382743
8843,294.998,ok,9,False,0,0.0,SAT,32.10456,35.2039,58.44694998610562,0.27445329108741134
8873,295.999,ok,12,False,0,0.0,SAT,32.104446,35.204002,54.63330531421186,0.258001958951354
8903,296.999,ok,17,False,0,0.0,SAT,32.104378,35.20408,51.34030127518046,0.27545370801817626
8933,298.0,ok,13,False,0,0.0,SAT,32.10421,35.204227,50.80175994087529,0.2825660000089556
8963,299.001,ok,21,False,0,0.0,SAT,32.10416,35.20414,55.21491444215933,0.3299365829443559
8993,300.002,ok,11,False,0,0.0,SAT,32.10405,35.204426,47.589734643820854,0.24394170800223947
9023,301.003,ok,15,False,0,0.0,SAT,32.10397,35.204475,53.23261922684952,0.3311329160351306
9053,302.004,ok,9,False,0,0.0,SAT,32.103756,35.204384,74.50372006638706,0.31277962506283075
9083,303.005,ok,15,False,0,0.0,SAT,32.103794,35.204594,54.85813379067471,0.29578645806759596
9113,304.006,ok,16,False,0,0.0,SAT,32.10375,35.20462,52.20238910885018,0.34494420897681266
9143,305.007,ok,14,False,0,0.0,SAT,32.10366,35.204666,53.26419547847836,0.2843036660924554
9173,306.008,ok,14,False,0,0.0,SAT,32.103592,35.2047,52.672614357237386,0.28907791699748486
9203,307.008,ransac_fail,0,True,272,0.925,VPR_FALLBACK,32.10403524711878,35.20486795548273,24.696521538619614,0.963749457965605
9233,308.009,ok,8,False,0,0.0,SAT,32.10046,35.203136,420.7051626186386,0.25576345808804035
9263,309.01,ransac_fail,0,True,147,0.774,VPR_FALLBACK,32.10381467102288,35.20568522037204,42.99979680802158,1.224827125086449
9293,310.011,ransac_fail,0,True,147,0.7,VPR_FALLBACK,32.103635728623395,35.20567079077717,35.38233161917255,1.0981857080478221
9323,311.012,ransac_fail,0,True,155,0.68,NO_FIX,,,,1.0673937499523163
9353,312.013,ransac_fail,0,True,189,0.738,VPR_FALLBACK,32.103456970263565,35.20563339553956,22.42512077946226,1.0753123750910163
9383,313.014,ransac_fail,0,True,199,0.734,VPR_FALLBACK,32.103456970263565,35.20563339553956,14.591935056384845,1.1586978329578415
9413,314.015,ok,9,False,0,0.0,SAT,32.103046,35.204735,86.07548172746549,0.2856628749286756
9443,315.016,ransac_fail,0,True,179,0.725,VPR_FALLBACK,32.103278389690225,35.2056015805102,12.414001132398027,1.1697594580473378
9472,315.983,ok,21,False,0,0.0,SAT,32.10341,35.20608,19.284810813401652,0.3293579160235822
9502,316.984,ok,30,False,0,0.0,SAT,32.1036,35.20628,21.060312204845044,0.2939223339781165
9532,317.985,ok,24,False,0,0.0,SAT,32.103615,35.206406,33.09851398725841,0.24305537506006658
9562,318.986,ok,17,False,0,0.0,SAT,32.103634,35.20645,36.223415394327965,0.25762895797379315
9592,319.987,ok,23,False,0,0.0,SAT,32.10365,35.20655,37.8549039543958,0.2905355410184711
9622,320.988,ok,33,False,0,0.0,SAT,32.10367,35.206657,37.87807587701647,0.2663256669184193
9652,321.989,ok,37,False,0,0.0,SAT,32.10358,35.206707,41.75892383467032,0.294886082992889
9682,322.989,ok,27,False,0,0.0,SAT,32.10351,35.20678,41.95186562543001,0.25827258301433176
9712,323.99,ok,30,False,0,0.0,SAT,32.10366,35.20694,31.840973799419924,0.26489179104100913
9742,324.991,ok,38,False,0,0.0,SAT,32.103825,35.207047,28.961169738645022,0.2322992499684915
9772,325.992,ok,26,False,0,0.0,SAT,32.103855,35.207123,31.923973293267892,0.24341450002975762
9802,326.993,ok,26,False,0,0.0,SAT,32.10388,35.20723,32.704483418687,0.24434854194987565
9832,327.994,ok,25,False,0,0.0,SAT,32.103916,35.207317,31.59179014596949,0.24851420801132917
9862,328.995,ok,22,False,0,0.0,SAT,32.10394,35.20746,34.26970643547178,0.2508977079996839
9892,329.996,ok,29,False,0,0.0,SAT,32.103893,35.207535,36.813341150394486,0.23312179103959352
9922,330.997,ok,22,False,0,0.0,SAT,32.103905,35.207634,33.75202768650857,0.24288083391729742
9952,331.998,ok,22,False,0,0.0,SAT,32.103928,35.20774,32.377678436986436,0.32950550003442913
9982,332.998,ok,16,False,0,0.0,SAT,32.10399,35.20789,32.135254913638704,0.2611557081108913
10012,333.999,ok,16,False,0,0.0,SAT,32.10398,35.20796,32.04723089605833,0.25299345899838954
10042,335.0,ok,18,False,0,0.0,SAT,32.10398,35.208046,32.506133727927434,0.25275962497107685
10072,336.001,ok,8,False,0,0.0,SAT,32.104023,35.208286,39.88032204992354,0.2564334999769926
10102,337.002,ransac_fail,0,True,6,0.162,NO_FIX,,,,1.138728541904129
10132,338.003,ransac_fail,0,True,114,0.564,NO_FIX,,,,0.9696827919688076
10162,339.004,ransac_fail,0,True,99,0.516,NO_FIX,,,,0.8664348750608042
10192,340.005,ransac_fail,0,True,85,0.515,NO_FIX,,,,0.8168258749647066
10222,341.006,ok,9,False,0,0.0,SAT,32.10385,35.208782,34.844271855836446,0.4080897920066491
10252,342.007,ransac_fail,0,True,76,0.571,NO_FIX,,,,1.150873125065118
10282,343.007,ransac_fail,0,True,48,0.364,NO_FIX,,,,1.640922166989185
10312,344.008,ok,8,False,0,0.0,SAT,32.103615,35.208736,28.48792064795489,0.3797783750342205
10342,345.009,ransac_fail,0,True,42,0.393,NO_FIX,,,,2.1093489999184385
10372,346.01,ok,16,False,0,0.0,SAT,32.103596,35.208897,25.628790537745616,0.39497283403761685
10402,347.011,ok,16,False,0,0.0,SAT,32.103527,35.208984,30.501111874937614,0.4036986669525504
10432,348.012,ok,26,False,0,0.0,SAT,32.10353,35.20912,26.57290837990044,0.4736385840224102
10462,349.013,ok,15,False,0,0.0,SAT,32.10353,35.20918,25.46590645082135,0.379955458920449
10492,350.014,ok,27,False,0,0.0,SAT,32.103504,35.209282,26.78862206689027,0.38347570900805295
10522,351.015,ok,40,False,0,0.0,SAT,32.10348,35.209385,25.4659077969586,0.44565312506165355
10552,352.016,ransac_fail,0,True,198,0.846,VPR_FALLBACK,32.1032833983594,35.20859971425026,93.42501765058893,1.4291076249210164
10582,353.016,ransac_fail,0,True,293,0.997,VPR_FALLBACK,32.1032833983594,35.20859971425026,83.32625461081419,1.5124491250608116
10611,353.984,ok,24,False,0,0.0,SAT,32.103096,35.20922,26.40643384313936,0.39119195798411965
10641,354.985,ok,23,False,0,0.0,SAT,32.103027,35.209286,25.83176883987832,0.5380161659559235
10671,355.986,ok,17,False,0,0.0,SAT,32.10295,35.20935,26.63778284301978,0.4650972919771448
10701,356.987,ok,27,False,0,0.0,SAT,32.102875,35.20941,26.35700020348093,0.6791207909118384
10731,357.988,ok,21,False,0,0.0,SAT,32.102806,35.209476,25.53080037883759,0.5829776659375057
10761,358.988,ok,25,False,0,0.0,SAT,32.102722,35.20954,27.175585845280192,0.6096890000626445
10791,359.989,ok,24,False,0,0.0,SAT,32.10269,35.209713,21.38242027920725,0.3748512089950964
10821,360.99,ok,14,False,0,0.0,SAT,32.10266,35.209774,23.05616529467378,0.3631306670140475
10851,361.991,ok,16,False,0,0.0,SAT,32.102623,35.209827,22.03138093718166,0.7239502921001986
10881,362.992,ok,15,False,0,0.0,SAT,32.102543,35.209892,21.6338812923919,0.3837090829620138
10911,363.993,ok,13,False,0,0.0,SAT,32.102425,35.21001,20.467216884719182,0.3241692919982597
10941,364.994,ok,17,False,0,0.0,SAT,32.10236,35.21012,16.83836924411453,0.34452458401210606
10971,365.995,ok,18,False,0,0.0,SAT,32.102287,35.21011,21.19344061683649,0.38093266705982387
11001,366.996,ok,22,False,0,0.0,SAT,32.102192,35.210136,22.26519593976208,0.337526333052665
11031,367.997,ok,21,False,0,0.0,SAT,32.1021,35.21016,21.15937710174488,0.330091833951883
11061,368.997,ok,16,False,0,0.0,SAT,32.102005,35.210217,20.2695225253646,0.38654445798601955
11091,369.998,ok,14,False,0,0.0,SAT,32.10194,35.210285,18.600099501116397,0.5154765830375254
11121,370.999,ok,12,False,0,0.0,SAT,32.101826,35.210346,21.034546307997477,0.3851287920260802
11151,372.0,ok,10,False,0,0.0,SAT,32.10182,35.210373,15.968154771015715,0.4137062910012901
11181,373.001,ok,13,False,0,0.0,SAT,32.101673,35.210434,20.931125531990286,0.39255641703493893
11211,374.002,ok,9,False,0,0.0,SAT,32.10163,35.210556,13.69881814556461,0.40522737498395145
11241,375.003,ransac_fail,0,True,129,0.806,VPR_FALLBACK,32.101404923989406,35.20969246043993,95.94164779877131,1.557847624993883
11271,376.004,ok,8,False,0,0.0,SAT,32.101406,35.210632,21.21567151984806,0.5494954589521512
11301,377.005,ok,8,False,0,0.0,SAT,32.101112,35.210346,57.706968140883816,0.4399604160571471
11331,378.006,ok,9,False,0,0.0,SAT,32.101616,35.210876,23.70952621429051,0.38488933397457004
11361,379.006,ok,8,False,0,0.0,SAT,32.10118,35.210728,17.81740045746301,0.4046324169030413
11391,380.007,ok,9,False,0,0.0,SAT,32.10109,35.210785,16.532802257300908,0.3962843749905005
11421,381.008,ok,17,False,0,0.0,SAT,32.100998,35.210827,16.65873917593911,0.43106304097454995
11451,382.009,ransac_fail,0,True,52,0.712,NO_FIX,,,,1.5849492501001805
11481,383.01,ransac_fail,0,True,57,0.687,NO_FIX,,,,1.5862560829846188
11511,384.011,ransac_fail,0,True,7,0.135,NO_FIX,,,,1.4999819999793544
11541,385.012,ransac_fail,0,True,8,0.2,NO_FIX,,,,1.4179244159022346
11571,386.013,ok,31,False,0,0.0,SAT,32.10226,35.21031,5.465392912641678,0.6330482920166105
11601,387.014,ok,27,False,0,0.0,SAT,32.1023,35.210293,6.599120325578451,0.6427082909503952
11631,388.015,ok,22,False,0,0.0,SAT,32.102356,35.210266,9.003049947977479,0.34855195798445493
11661,389.015,ok,19,False,0,0.0,SAT,32.102436,35.210255,9.391225208293198,0.376793917035684
11691,390.016,ok,18,False,0,0.0,SAT,32.102554,35.210255,8.785691213136449,0.3601714998949319
11720,390.984,ok,23,False,0,0.0,SAT,32.102596,35.210194,9.795640612036818,0.3799813750665635
11750,391.985,ok,35,False,0,0.0,SAT,32.10271,35.21017,8.508846568476724,0.5065523330122232
11780,392.986,ok,28,False,0,0.0,SAT,32.102795,35.210163,7.028432237072399,0.5030484159942716
11810,393.987,ok,23,False,0,0.0,SAT,32.102863,35.210087,7.2348908383555,0.3491150418994948
11840,394.987,ok,14,False,0,0.0,SAT,32.102993,35.210056,11.505771313214332,0.35928595799487084
11870,395.988,ok,26,False,0,0.0,SAT,32.103046,35.21007,8.352043393377459,0.4666421249276027
11900,396.989,ok,27,False,0,0.0,SAT,32.103127,35.209972,8.167473070402806,0.356166125042364
11930,397.99,ok,29,False,0,0.0,SAT,32.103207,35.20995,7.719505557087705,0.5823720410699025
11960,398.991,ok,38,False,0,0.0,SAT,32.103302,35.20991,8.94662659448753,0.4157253340817988
11990,399.992,ok,46,False,0,0.0,SAT,32.10337,35.209877,7.245987559708342,0.4955603330163285
12020,400.993,ok,50,False,0,0.0,SAT,32.10348,35.209976,7.77149150723144,0.5953004589537159
12050,401.994,ok,41,False,0,0.0,SAT,32.103584,35.20996,8.352040113710418,0.6076099590864033
12080,402.995,ok,25,False,0,0.0,SAT,32.103672,35.21001,7.677484985559945,0.42580337496474385
12110,403.996,ok,20,False,0,0.0,SAT,32.103745,35.210182,10.247301000420855,0.34678220795467496
12140,404.996,ok,29,False,0,0.0,SAT,32.103832,35.21016,6.379901277628634,0.3524701250717044
12170,405.997,ok,29,False,0,0.0,SAT,32.10392,35.21017,6.618808008048293,0.3882748340256512
12200,406.998,ransac_fail,0,True,277,0.965,VPR_FALLBACK,32.10375250497715,35.21064002580936,33.81527589692413,1.3918234589509666
12230,407.999,ok,22,False,0,0.0,SAT,32.103817,35.21078,11.932371852538184,0.3480424580629915
12260,409.0,ok,17,False,0,0.0,SAT,32.10369,35.21098,10.02491859338792,0.3449907919857651
12290,410.001,ok,13,False,0,0.0,SAT,32.103523,35.211147,16.695845338653474,0.3408162919804454
12320,411.002,ok,15,False,0,0.0,SAT,32.103573,35.21121,5.771106554380361,0.3976441250415519
12350,412.003,ok,20,False,0,0.0,SAT,32.103573,35.211338,8.284367409419058,0.28298733406700194
12380,413.004,ok,16,False,0,0.0,SAT,32.103596,35.21145,9.002928147390755,0.3745016250759363
12410,414.005,ok,23,False,0,0.0,SAT,32.103573,35.21152,7.2112372156792865,0.357275833026506
12440,415.005,ok,15,False,0,0.0,SAT,32.10359,35.211617,6.612155429002228,0.5598889579996467
12470,416.006,ok,11,False,0,0.0,SAT,32.103603,35.211727,6.68328421920221,0.4017242080299184
12500,417.007,ransac_fail,0,True,202,0.856,VPR_FALLBACK,32.10403716642069,35.21163619676641,45.46419801157004,1.3950813339324668
12530,418.008,ok,8,False,0,0.0,SAT,32.103626,35.211937,6.612153593330629,0.3713828750187531
12560,419.009,ok,8,False,0,0.0,SAT,32.103573,35.212013,11.821178493185727,0.3664954159175977
12590,420.01,ransac_fail,0,True,204,0.903,VPR_FALLBACK,32.10416833090576,35.21191027349218,56.45844856345471,1.3973775419872254
12620,421.011,ransac_fail,0,True,177,0.937,VPR_FALLBACK,32.104131112292364,35.211815604921945,60.54354021613497,1.4239184580510482
12650,422.012,ransac_fail,0,True,134,0.893,VPR_FALLBACK,32.1044146711431,35.21247166066962,80.19123607146044,1.566965666017495
12680,423.013,ransac_fail,0,True,105,0.861,VPR_FALLBACK,32.10449667114313,35.21265966066961,89.45131255487927,1.5963299999712035
12710,424.014,ok,8,False,0,0.0,SAT,32.102833,35.211693,126.25356580207001,0.4546171249821782
12740,425.014,ransac_fail,0,True,6,0.207,NO_FIX,,,,1.5083947499515489
12770,426.015,ransac_fail,0,True,7,0.226,NO_FIX,,,,1.450938833062537
12800,427.016,ransac_fail,0,True,6,0.231,NO_FIX,,,,1.442360750050284
12829,427.984,ransac_fail,0,True,241,0.889,VPR_FALLBACK,32.1044146711431,35.21247166066962,74.12894201912741,1.6441244169836864
12859,428.985,ransac_fail,0,True,217,0.882,VPR_FALLBACK,32.1044146711431,35.21247166066962,55.9561127342832,2.4673300000140443
12889,429.986,ransac_fail,0,True,8,0.178,NO_FIX,,,,1.3549330410314724
12919,430.986,ransac_fail,0,True,7,0.152,NO_FIX,,,,1.4169155830750242
12949,431.987,ransac_fail,0,True,7,0.125,NO_FIX,,,,1.451500958064571
12979,432.988,ok,23,False,0,0.0,SAT,32.104332,35.211662,19.128272750290833,0.3944043330848217
13009,433.989,ok,31,False,0,0.0,SAT,32.10431,35.21155,8.791208916295833,0.8563100000610575
13039,434.99,ok,28,False,0,0.0,SAT,32.104275,35.21146,5.8478419134242685,0.41097950004041195
13069,435.991,ok,39,False,0,0.0,SAT,32.104343,35.211353,6.908787659501895,0.48813645797781646
13099,436.992,ok,40,False,0,0.0,SAT,32.104374,35.211254,7.211193687901972,0.3502761669224128
13129,437.993,ok,37,False,0,0.0,SAT,32.10442,35.21115,8.785582640486759,0.48524233407806605
13159,438.994,ok,26,False,0,0.0,SAT,32.104446,35.211056,8.278327062445243,0.3476347499527037
13189,439.995,ok,37,False,0,0.0,SAT,32.104477,35.210957,8.577704089534942,0.6966354999458417
13219,440.995,ok,39,False,0,0.0,SAT,32.10451,35.210842,9.81581314404484,0.47120199992787093
13249,441.996,ok,37,False,0,0.0,SAT,32.10455,35.21075,9.89800692359833,0.5012332500191405
13279,442.997,ok,36,False,0,0.0,SAT,32.104565,35.210655,8.981038105028432,0.5081055839546025
13309,443.998,ok,29,False,0,0.0,SAT,32.104416,35.210506,13.723861300313235,0.40161949989851564
13339,444.999,ok,23,False,0,0.0,SAT,32.104347,35.21039,10.389245536239894,0.38318483298644423
13369,446.0,ok,24,False,0,0.0,SAT,32.10433,35.210304,9.471386920716137,0.39330341608729213
13399,447.001,ok,24,False,0,0.0,SAT,32.10433,35.2102,9.771267363621225,0.3262297079199925
13429,448.002,ok,23,False,0,0.0,SAT,32.1041,35.210148,13.445049063018875,0.3440944160101935
13459,449.003,ok,19,False,0,0.0,SAT,32.103996,35.210102,9.012685670855289,0.44980916706845164
13489,450.004,ok,11,False,0,0.0,SAT,32.104084,35.209915,15.411248831329171,0.31500320800114423
13519,451.004,ok,12,False,0,0.0,SAT,32.104053,35.209827,11.635514752208525,0.36388166702818125
13549,452.005,ok,25,False,0,0.0,SAT,32.10403,35.209736,10.998331223709208,0.6595096250530332
13579,453.006,ok,34,False,0,0.0,SAT,32.10402,35.209633,11.159235866264968,0.6564998750109226
13609,454.007,ok,29,False,0,0.0,SAT,32.10393,35.20956,10.437210670583966,0.5039696249878034
13639,455.008,ok,31,False,0,0.0,SAT,32.103863,35.2095,9.130585500896773,0.6269925420638174
13669,456.009,ok,38,False,0,0.0,SAT,32.103775,35.209446,7.956071971624397,0.5184492919361219
13699,457.01,ok,43,False,0,0.0,SAT,32.1037,35.209354,10.157035367065465,0.5249980409862474
13729,458.011,ok,46,False,0,0.0,SAT,32.103653,35.209255,11.351536892893447,0.6394073750125244
13759,459.012,ok,30,False,0,0.0,SAT,32.10359,35.20918,10.437244608892927,0.5075199999846518
13789,460.012,ok,31,False,0,0.0,SAT,32.10355,35.209084,10.62955139326255,0.4041100420290604
13819,461.013,ok,34,False,0,0.0,SAT,32.103485,35.20898,12.422609567074517,0.40860929200425744
13849,462.014,ok,28,False,0,0.0,SAT,32.10358,35.20884,15.458410889074969,0.5070290829753503
13879,463.015,ok,23,False,0,0.0,SAT,32.103657,35.20866,18.733219431450905,0.3825538750970736
13909,464.016,ok,19,False,0,0.0,SAT,32.10374,35.20854,18.053132340712637,0.5587670829845592
13938,464.984,ok,18,False,0,0.0,SAT,32.103695,35.208416,18.38968952355362,0.4212010829942301
13968,465.985,ok,16,False,0,0.0,SAT,32.103687,35.2083,19.443217726317236,0.405373000074178
13998,466.985,ok,19,False,0,0.0,SAT,32.103676,35.20817,21.979623896466265,0.4171648339834064
14028,467.986,ok,21,False,0,0.0,SAT,32.103657,35.208057,22.80488900320616,0.43842187500558794
14058,468.987,ok,18,False,0,0.0,SAT,32.103657,35.207966,21.62052710978874,0.3941117499489337
14088,469.988,ok,22,False,0,0.0,SAT,32.103695,35.207863,21.564613648853243,0.42593491601292044
14118,470.989,ok,24,False,0,0.0,SAT,32.103672,35.207752,21.687149168363103,0.39754404197447
14148,471.99,ok,27,False,0,0.0,SAT,32.103664,35.207653,21.3756417558603,0.4191487920470536
14178,472.991,ok,38,False,0,0.0,SAT,32.103653,35.207546,21.3291945240003,0.4661150840111077
14208,473.992,ok,42,False,0,0.0,SAT,32.103657,35.20743,22.499622971558026,0.3799998329486698
14238,474.993,ok,39,False,0,0.0,SAT,32.103626,35.20731,23.74506530444462,0.3204287920380011
14268,475.994,ok,44,False,0,0.0,SAT,32.103664,35.2072,24.757465689373152,0.3859686249634251
14298,476.994,ok,40,False,0,0.0,SAT,32.103657,35.2071,23.83601730654581,0.36978891596663743
14328,477.995,ok,39,False,0,0.0,SAT,32.10365,35.20698,25.46852016454099,0.36553854192607105
14358,478.996,ok,29,False,0,0.0,SAT,32.10337,35.20694,25.200874443082782,0.37501383398193866
14388,479.997,ransac_fail,0,True,357,0.975,VPR_FALLBACK,32.10305515025262,35.20766313158824,45.6727791201335,1.1069924159673974
14418,480.998,ok,14,False,0,0.0,SAT,32.102814,35.207767,27.49123122185922,0.367032999987714
14448,481.999,ok,9,False,0,0.0,SAT,32.10262,35.207844,28.023833620841067,0.4271339160623029
14478,483.0,ransac_fail,0,True,319,0.976,VPR_FALLBACK,32.10278580337159,35.20765288516108,15.08131330058471,1.034661625046283
14508,484.001,ok,8,False,0,0.0,SAT,32.10257,35.208103,24.45869192099418,0.38625154201872647
14538,485.002,ransac_fail,0,True,377,0.979,VPR_FALLBACK,32.10285212447345,35.20835771210246,24.358637271816878,1.035294207977131
14568,486.002,ransac_fail,0,True,341,0.961,VPR_FALLBACK,32.10285212447345,35.20835771210246,8.743317113455683,1.0087685830658302
14598,487.003,ransac_fail,0,True,289,0.983,VPR_FALLBACK,32.10285510834215,35.208578521777476,3.3416412454929203,1.3466292079538107
14628,488.004,ok,25,False,0,0.0,SAT,32.103035,35.208736,5.988474769689472,0.5938305830350146
14658,489.005,ok,19,False,0,0.0,SAT,32.10293,35.20879,4.936928240994794,0.42130604200065136
14688,490.006,ok,30,False,0,0.0,SAT,32.103027,35.20893,7.852460180594582,0.6234722090885043
14718,491.007,ok,24,False,0,0.0,SAT,32.103012,35.20903,1.6695889086585114,0.4035942080663517
14748,492.008,ok,25,False,0,0.0,SAT,32.103012,35.209133,2.2261185784837156,0.3996954580070451
14778,493.009,ok,37,False,0,0.0,SAT,32.102993,35.20925,3.0004587802344433,0.4001628329278901
14808,494.01,ok,32,False,0,0.0,SAT,32.102985,35.209362,3.265199701852004,0.3678926669526845
14838,495.011,ok,30,False,0,0.0,SAT,32.102974,35.209473,3.956906194746109,0.36103412497323006
14868,496.011,ok,21,False,0,0.0,SAT,32.10296,35.209583,4.695585655363442,0.40217141702305526
14898,497.012,ok,22,False,0,0.0,SAT,32.102955,35.209686,4.7528425227305435,0.2822949170367792
14928,498.013,ok,15,False,0,0.0,SAT,32.102947,35.209755,1.3732770854726593,0.3358340000268072
14958,499.014,ok,18,False,0,0.0,SAT,32.10294,35.2099,4.7528432912694285,0.5034912909613922
14988,500.015,ok,16,False,0,0.0,SAT,32.10292,35.210026,6.834660066253563,0.3225961250718683
15018,501.016,ok,13,False,0,0.0,SAT,32.10302,35.209984,13.535803281763506,0.42319204192608595
15047,501.983,ransac_fail,0,True,146,0.635,NO_FIX,,,,1.4345221250550821
15077,502.984,ransac_fail,0,True,164,0.68,NO_FIX,,,,1.5703747919760644
15107,503.985,ok,12,False,0,0.0,SAT,32.103474,35.210133,35.113369799707066,0.46059587493073195
15137,504.986,ransac_fail,0,True,277,0.914,VPR_FALLBACK,32.10374106915552,35.209710016465586,56.26056239829909,1.6518779170000926
15167,505.987,ok,17,False,0,0.0,SAT,32.10371,35.21004,8.566191545442795,0.3797093329485506
15197,506.988,ok,19,False,0,0.0,SAT,32.10374,35.210033,0.8354096907768769,0.3819253339897841
15227,507.989,ok,35,False,0,0.0,SAT,32.103867,35.210056,4.684981704771591,0.6057349160546437
15257,508.99,ok,37,False,0,0.0,SAT,32.103962,35.210083,5.955974732981664,0.561558666988276
15287,509.991,ok,25,False,0,0.0,SAT,32.104034,35.21011,5.53402238596761,0.2535873749293387
15317,510.992,ok,15,False,0,0.0,SAT,32.10404,35.210365,11.159233556384939,0.41777575004380196
15347,511.992,ok,20,False,0,0.0,SAT,32.104107,35.210384,3.8218514142588123,0.4234064160846174
15377,512.993,ok,14,False,0,0.0,SAT,32.104187,35.210464,5.955974679257494,0.39456320903263986
15407,513.994,ok,21,False,0,0.0,SAT,32.104202,35.210613,5.465294255715144,0.3835643749916926
15437,514.995,ok,20,False,0,0.0,SAT,32.104263,35.210674,4.381474795794161,0.33044879196677357
15467,515.996,ok,20,False,0,0.0,SAT,32.104324,35.21075,4.483645442334241,0.37999325001146644
15497,516.997,ok,31,False,0,0.0,SAT,32.10439,35.21083,4.576771274540195,0.4337445000419393
15527,517.998,ok,27,False,0,0.0,SAT,32.10446,35.210896,5.005446424241389,0.3571539169643074
15557,518.999,ok,31,False,0,0.0,SAT,32.10453,35.210968,5.624938210738298,0.6425291249761358
15587,520.0,ok,10,False,0,0.0,SAT,32.10449,35.21112,4.638736246740087,0.3506832499988377
15617,521.001,ok,17,False,0,0.0,SAT,32.104534,35.21121,3.058370939799379,0.435882291989401
15647,522.001,ok,13,False,0,0.0,SAT,32.104588,35.21131,4.2239051287486395,0.5163840419845656
15677,523.002,ok,15,False,0,0.0,SAT,32.104668,35.211407,7.378688824153141,0.39139666699338704
15707,524.003,ok,15,False,0,0.0,SAT,32.104702,35.211544,8.881545811919857,0.3824698330136016
15737,525.004,ok,10,False,0,0.0,SAT,32.104744,35.211605,6.321985362488837,0.46877429203595966
15767,526.005,ok,19,False,0,0.0,SAT,32.104816,35.211708,9.058416329961837,0.3832367080030963
15797,527.006,ok,17,False,0,0.0,SAT,32.10496,35.211887,22.35261414184643,0.4292013329686597
15827,528.007,ok,22,False,0,0.0,SAT,32.10493,35.211872,8.904397077018677,0.3708630829351023
15857,529.008,ok,19,False,0,0.0,SAT,32.104984,35.21197,9.895488389614904,0.3794079170329496
15887,530.009,ok,20,False,0,0.0,SAT,32.105045,35.212135,15.975954644001181,0.4109321250580251
15917,531.01,ok,23,False,0,0.0,SAT,32.105103,35.21222,16.56534743166439,0.4251714999554679
15947,532.01,ok,43,False,0,0.0,SAT,32.105373,35.211945,23.348350327918222,0.5038221250288188
15977,533.011,ok,20,False,0,0.0,SAT,32.10547,35.212,15.973406115888656,0.34235908393748105
16007,534.012,ok,20,False,0,0.0,SAT,32.10552,35.21205,12.62595810319105,0.4099926670314744
16037,535.013,ok,26,False,0,0.0,SAT,32.10561,35.212086,13.593364161188921,0.4334394580218941
16067,536.014,ok,26,False,0,0.0,SAT,32.105713,35.21214,16.211843241948806,0.4829212080221623
16097,537.015,ok,25,False,0,0.0,SAT,32.10575,35.212162,10.932747030567269,0.464968541986309
16127,538.016,ok,38,False,0,0.0,SAT,32.105843,35.21222,12.649468862166692,0.4332670000148937
16156,538.983,ok,24,False,0,0.0,SAT,32.105904,35.212276,11.555482024718113,0.4437965829856694
16186,539.984,ok,19,False,0,0.0,SAT,32.10585,35.212536,11.596693802460713,0.32400449994020164
16216,540.985,ok,38,False,0,0.0,SAT,32.105923,35.21261,13.049433428251561,0.5080161659279838
16246,541.986,ok,43,False,0,0.0,SAT,32.105946,35.212696,9.873773249067115,0.8735805409960449
16276,542.987,ok,28,False,0,0.0,SAT,32.106007,35.21279,11.235390642691666,0.42307808296754956
16306,543.988,ok,30,False,0,0.0,SAT,32.106068,35.212883,11.922616281435012,0.3936652500415221
16336,544.989,ok,33,False,0,0.0,SAT,32.10614,35.212967,13.356522604564605,0.3891786669846624
16366,545.99,ok,34,False,0,0.0,SAT,32.10621,35.213062,14.843128806056326,0.41085016692522913
16396,546.991,ok,34,False,0,0.0,SAT,32.106274,35.213142,15.658816205495581,0.40551612502895296
16426,547.991,ok,33,False,0,0.0,SAT,32.106346,35.21324,17.840836397661203,0.40416412497870624
16456,548.992,ok,28,False,0,0.0,SAT,32.106422,35.21331,18.215247314283726,0.5095633750315756
16486,549.993,ok,26,False,0,0.0,SAT,32.106495,35.213387,18.94406945914294,0.46508287510368973
16516,550.994,ransac_fail,0,True,226,0.873,VPR_FALLBACK,32.10656386427405,35.21206097802926,104.96092849223454,1.5869334590388462
16546,551.995,ransac_fail,0,True,138,0.746,VPR_FALLBACK,32.10608071312751,35.212799163123606,68.45628556372955,1.5578368329443038
16576,552.996,ransac_fail,0,True,109,0.699,NO_FIX,,,,1.8155491669895127
16606,553.997,ok,47,False,0,0.0,SAT,32.10597,35.21194,16.512330595649683,0.5729644580278546
16636,554.998,ok,57,False,0,0.0,SAT,32.10582,35.21191,11.26380004224992,0.7481443749275059
16666,555.999,ok,40,False,0,0.0,SAT,32.10579,35.211826,10.846782022579099,0.4802053340245038
16696,557.0,ok,29,False,0,0.0,SAT,32.105736,35.21173,12.260125690799072,0.4984259159537032
16726,558.0,ok,41,False,0,0.0,SAT,32.10583,35.21157,16.03976377919055,0.5141529169632122
16756,559.001,ok,39,False,0,0.0,SAT,32.105793,35.211468,14.544121975304854,0.5499453339725733
16786,560.002,ok,31,False,0,0.0,SAT,32.105797,35.211388,12.596926741534466,0.4155302500585094
16816,561.003,ok,30,False,0,0.0,SAT,32.105747,35.21125,16.030914709907993,0.3897243750980124
16846,562.004,ok,44,False,0,0.0,SAT,32.105743,35.211163,14.772454962520987,0.6513590409886092
16876,563.005,ok,40,False,0,0.0,SAT,32.105705,35.21106,14.966497859519574,0.6846780829364434
16906,564.006,ok,28,False,0,0.0,SAT,32.10571,35.210957,15.131588882876288,0.6586150419898331
16936,565.007,ok,30,False,0,0.0,SAT,32.105667,35.210846,15.849928001039546,0.4780357910785824
16966,566.008,ok,23,False,0,0.0,SAT,32.105633,35.210747,15.612505478467888,0.4084952080156654
16996,567.009,ok,22,False,0,0.0,SAT,32.10563,35.21065,15.113715149664852,0.39050716592464596
17026,568.009,ok,23,False,0,0.0,SAT,32.105595,35.210533,16.927614081546533,0.4909006670350209
17056,569.01,ok,10,False,0,0.0,SAT,32.10557,35.21047,13.3362851408708,0.37792808294761926
17086,570.011,ransac_fail,0,True,350,0.989,VPR_FALLBACK,32.10567736801304,35.2104682142631,14.335584822586716,1.5487949999514967
17116,571.012,ok,10,False,0,0.0,SAT,32.105377,35.210274,18.136332553521655,0.44648645794950426
17146,572.013,ok,8,False,0,0.0,SAT,32.10547,35.210377,23.33811448561548,0.38823645806405693
17176,573.014,ok,20,False,0,0.0,SAT,32.104958,35.21074,15.925216999649706,0.39158499997574836
17206,574.015,ok,18,False,0,0.0,SAT,32.10488,35.21075,4.93690078339423,0.5431895829970017
17236,575.016,ok,27,False,0,0.0,SAT,32.104794,35.210754,7.211167971131815,0.35134429205209017
17265,575.983,ok,24,False,0,0.0,SAT,32.10471,35.210735,6.683224125226527,0.4256438750308007
17295,576.984,ok,19,False,0,0.0,SAT,32.10465,35.210617,11.581070336138607,0.37751254194881767
17325,577.985,ok,20,False,0,0.0,SAT,32.10456,35.21056,8.791187449635949,0.4574121249606833
17355,578.986,ok,45,False,0,0.0,SAT,32.104477,35.21052,7.211185917438712,0.5410123330075294
17385,579.987,ok,29,False,0,0.0,SAT,32.104443,35.210354,14.754343774470136,0.39155787497293204
17415,580.988,ok,32,False,0,0.0,SAT,32.104416,35.210228,13.012183970631044,0.35442529199644923
17445,581.989,ok,24,False,0,0.0,SAT,32.10436,35.210114,11.438490581153058,0.36530000006314367
17475,582.99,ok,20,False,0,0.0,SAT,32.104294,35.210056,8.525159650429051,0.3907535830512643
17505,583.99,ok,13,False,0,0.0,SAT,32.10434,35.209843,14.035247123221692,0.4134100419469178
17535,584.991,ok,18,False,0,0.0,SAT,32.104324,35.209732,12.140904326409185,0.3937147499527782
17565,585.992,ok,10,False,0,0.0,SAT,32.10426,35.20966,12.237075326598838,0.45079133298713714
17595,586.993,ok,17,False,0,0.0,SAT,32.1041,35.209736,7.771483523919758,0.31191045802552253
17625,587.994,ok,30,False,0,0.0,SAT,32.104023,35.20963,12.470654240695865,0.5777177909621969
17655,588.995,ok,35,False,0,0.0,SAT,32.103947,35.209576,11.609831343520968,0.6317848339676857
17685,589.996,ok,35,False,0,0.0,SAT,32.1039,35.209534,8.117833139499698,0.5473390410188586
17715,590.997,ok,33,False,0,0.0,SAT,32.10382,35.20945,10.133686739834957,0.37176208302844316
17745,591.998,ok,32,False,0,0.0,SAT,32.10375,35.209393,8.881609879905142,0.5431405419949442
17775,592.999,ok,40,False,0,0.0,SAT,32.103683,35.209297,10.247301835410934,0.48790737497620285
17805,593.999,ok,37,False,0,0.0,SAT,32.103737,35.20909,14.39489431813184,0.5584017919609323
17835,595.0,ok,37,False,0,0.0,SAT,32.103836,35.208908,15.83643428784965,0.5511153329862282
17865,596.001,ok,35,False,0,0.0,SAT,32.103962,35.208748,18.383361456934352,0.6574311660369858
17895,597.002,ok,32,False,0,0.0,SAT,32.10396,35.208626,17.626028400098267,0.5764732919633389
17925,598.003,ok,30,False,0,0.0,SAT,32.10395,35.208515,18.724445004144723,0.45323733298573643
17955,599.004,ok,15,False,0,0.0,SAT,32.103935,35.20842,18.06577762225911,0.4616043749265373
17985,600.005,ok,12,False,0,0.0,SAT,32.103954,35.20825,24.519520387776385,0.4307956660632044
18015,601.006,ok,18,False,0,0.0,SAT,32.10388,35.20815,24.725073282261345,0.37340299994684756
18045,602.007,ok,14,False,0,0.0,SAT,32.103912,35.208042,24.475362027582197,0.24142620794009417
18075,603.008,ok,18,False,0,0.0,SAT,32.10394,35.207962,22.204038861877752,0.41485741711221635
18105,604.008,ok,18,False,0,0.0,SAT,32.10392,35.207874,20.66145972164089,0.4345707920147106
18135,605.009,ok,23,False,0,0.0,SAT,32.103863,35.207733,23.926570138122706,0.4350997500587255
18165,606.01,ok,41,False,0,0.0,SAT,32.103878,35.20764,22.662056368247768,0.5546064999653026
18195,607.011,ok,45,False,0,0.0,SAT,32.10385,35.20753,23.5199047204023,0.5127590409247205
18225,608.012,ok,39,False,0,0.0,SAT,32.103844,35.20743,22.72563180634728,0.4175278750481084
18255,609.013,ok,33,False,0,0.0,SAT,32.103844,35.207325,23.021780570889057,0.3781002920586616
18285,610.014,ok,42,False,0,0.0,SAT,32.10383,35.207214,23.745012149762502,0.40553599991835654
18315,611.015,ok,42,False,0,0.0,SAT,32.103817,35.207104,24.47538779098214,0.416931709041819
18345,612.016,ok,43,False,0,0.0,SAT,32.1038,35.207005,24.160718617264347,0.3769737919792533
18375,613.016,ok,37,False,0,0.0,SAT,32.10379,35.206894,24.552632592434144,0.4162549580214545
18404,613.984,ok,49,False,0,0.0,SAT,32.10377,35.206768,26.784409699037578,0.5489963329164311
18434,614.985,ok,44,False,0,0.0,SAT,32.103764,35.206654,27.456858289528004,0.5412655839463696
18464,615.986,ok,41,False,0,0.0,SAT,32.103756,35.20654,28.496744736963766,0.5642338329926133
18494,616.987,ok,31,False,0,0.0,SAT,32.103745,35.206432,28.468258451326008,0.4371982499724254
18524,617.988,ok,30,False,0,0.0,SAT,32.103733,35.206318,29.214232669286595,0.42376087501179427
18554,618.989,ok,38,False,0,0.0,SAT,32.103718,35.2062,30.681815422694527,0.4900808749953285
18584,619.989,ok,25,False,0,0.0,SAT,32.103714,35.206093,30.961779568274334,0.3281559169990942
18614,620.99,ok,27,False,0,0.0,SAT,32.103695,35.205982,32.02598040882085,0.4028922920115292
18644,621.991,ok,22,False,0,0.0,SAT,32.103073,35.206295,48.8559609393249,0.4290371249662712
18674,622.992,ok,17,False,0,0.0,SAT,32.103054,35.20623,27.622597707656887,0.3204955420223996
18704,623.993,ok,13,False,0,0.0,SAT,32.10302,35.206203,23.95202205463543,0.38400562503375113
18734,624.994,ok,10,False,0,0.0,SAT,32.10296,35.206154,22.580029816307974,0.4395487089641392
18764,625.995,ok,9,False,0,0.0,SAT,32.102943,35.20608,20.578805438156603,0.38758883299306035
18794,626.996,ok,10,False,0,0.0,SAT,32.102863,35.205982,24.25777298545747,0.44745345902629197
18824,627.997,ok,12,False,0,0.0,SAT,32.103,35.20542,73.5717563303215,0.40312504197936505
18854,628.997,ransac_fail,0,True,352,0.978,VPR_FALLBACK,32.10271247047424,35.206701194551876,41.048191156556626,1.0858874999685213
18884,629.998,ransac_fail,0,True,133,0.596,NO_FIX,,,,1.5969966249540448
18914,630.999,ransac_fail,0,True,322,0.973,VPR_FALLBACK,32.10324613715952,35.20719688890249,63.2083955865956,1.1577355000190437
18944,632.0,ok,8,False,0,0.0,SAT,32.103214,35.20771,48.31485743157528,0.4024368750397116
18974,633.001,ok,11,False,0,0.0,SAT,32.103153,35.207573,12.766286060010508,0.40322474995628
19004,634.002,ok,9,False,0,0.0,SAT,32.103195,35.207638,9.81592247947214,0.3656832920387387
19034,635.003,ok,14,False,0,0.0,SAT,32.103054,35.20782,17.102773915740983,0.41984049999155104
19064,636.004,ok,13,False,0,0.0,SAT,32.103046,35.20786,10.43183524517573,0.4264437910169363
19094,637.005,ok,13,False,0,0.0,SAT,32.103012,35.207962,10.738484072037362,0.4195204589050263
19124,638.006,ok,10,False,0,0.0,SAT,32.103046,35.208115,14.900510640312804,0.43433274992275983
19154,639.006,ok,10,False,0,0.0,SAT,32.103092,35.208168,12.626519062470088,0.4198635829379782
19184,640.007,ok,9,False,0,0.0,SAT,32.10308,35.207844,31.970631632001457,0.4383691659895703
19214,641.008,ok,13,False,0,0.0,SAT,32.103035,35.2082,8.465862255778495,0.43708795902784914
19244,642.009,ransac_fail,0,True,184,0.676,NO_FIX,,,,1.6288530830061063
19274,643.01,ok,10,False,0,0.0,SAT,32.102985,35.208454,3.5971869574828244,0.43528791691642255
19304,644.011,ok,21,False,0,0.0,SAT,32.103,35.2086,2.5479009428392083,0.5702043330529705
19334,645.012,ok,27,False,0,0.0,SAT,32.10297,35.20872,1.438875039256763,0.6282738749869168
19364,646.013,ok,30,False,0,0.0,SAT,32.102962,35.20882,0.7194375851283844,0.6390125419711694
19394,647.014,ok,27,False,0,0.0,SAT,32.102848,35.208908,7.228009360284476,0.2195635000243783
19424,648.015,ok,31,False,0,0.0,SAT,32.102795,35.209,3.838742797386847,0.37153712497092783
19454,649.015,ok,29,False,0,0.0,SAT,32.102818,35.20912,3.341664041618807,0.3924852079944685
19484,650.016,ok,34,False,0,0.0,SAT,32.1028,35.20923,2.9089179876977753,0.3545871250098571
19513,650.984,ok,32,False,0,0.0,SAT,32.102776,35.20933,3.1471303732431974,0.3861842919141054
19543,651.985,ok,26,False,0,0.0,SAT,32.102757,35.20944,3.3470231216287196,0.40682050003670156
19573,652.986,ok,26,False,0,0.0,SAT,32.102715,35.209557,5.780076388404442,0.32535220799036324
19603,653.987,ok,23,False,0,0.0,SAT,32.102703,35.209652,4.7062718240784704,0.3692203749669716
19633,654.987,ok,18,False,0,0.0,SAT,32.102673,35.209755,5.501250044576549,0.40014804201200604
19663,655.988,ok,23,False,0,0.0,SAT,32.102642,35.20982,5.095801885678417,0.4290432919515297
19693,656.989,ok,18,False,0,0.0,SAT,32.102684,35.209885,3.9780756757817084,0.38875487504992634
19723,657.99,ok,14,False,0,0.0,SAT,32.102657,35.209984,4.047039308798493,0.37652400007937104
19753,658.991,ok,15,False,0,0.0,SAT,32.102627,35.210205,6.887248185189568,0.38818070793058723
19783,659.992,ok,8,False,0,0.0,SAT,32.10271,35.209904,33.18611921884829,0.37986995896790177
19813,660.993,ransac_fail,0,True,278,0.806,VPR_FALLBACK,32.102272996192255,35.210388760471254,36.21951111561695,1.046396084013395
19843,661.994,ransac_fail,0,True,278,0.82,VPR_FALLBACK,32.10227399619225,35.210388760471254,34.0873260861178,1.0090236670803279
19873,662.995,ransac_fail,0,True,252,0.8,VPR_FALLBACK,32.102273405366795,35.210387635241254,34.74275598048733,1.2217027499573305
19903,663.996,ransac_fail,0,True,229,0.812,VPR_FALLBACK,32.102273405366795,35.210387635241254,38.1760267898383,1.0557771250605583
19933,664.996,ransac_fail,0,True,246,0.869,VPR_FALLBACK,32.10227440536679,35.21038663524125,43.64845951690217,1.1103253751061857
19963,665.997,ransac_fail,0,True,236,0.955,VPR_FALLBACK,32.10227440536679,35.21038663524125,50.4792500645846,1.2746979160001501
19993,666.998,ransac_fail,0,True,213,0.991,VPR_FALLBACK,32.10227440536679,35.21038663524125,58.36090780839053,1.475690667051822
20023,667.999,ransac_fail,0,True,203,0.953,VPR_FALLBACK,32.10227440536679,35.210387635241254,66.48160525862905,1.4210670419270173
20053,669.0,ransac_fail,0,True,205,0.945,VPR_FALLBACK,32.10227440536679,35.210387635241254,75.32306616613569,1.454412457998842
20083,670.001,ok,13,False,0,0.0,SAT,32.10241,35.21134,6.8478776119259726,0.3967004580190405
20113,671.002,ransac_fail,0,True,131,0.91,VPR_FALLBACK,32.10227440536679,35.210387635241254,93.64571338682325,1.4313536249101162
20143,672.003,ransac_fail,0,True,100,0.806,VPR_FALLBACK,32.10227440536679,35.210387635241254,103.04297561036167,1.3653456249739975
20173,673.004,ransac_fail,0,True,97,0.89,NO_FIX,,,,1.641727790934965
20203,674.005,ok,11,False,0,0.0,SAT,32.102345,35.21174,5.544168891817025,0.36695041600614786
20233,675.005,ok,13,False,0,0.0,SAT,32.102337,35.211857,7.294174909368117,0.7512800000840798
20263,676.006,ransac_fail,0,True,8,0.178,NO_FIX,,,,1.6172461250098422
20293,677.007,ok,8,False,0,0.0,SAT,32.102577,35.211807,37.73010878589901,0.40235408302396536
20323,678.008,ransac_fail,0,True,7,0.206,NO_FIX,,,,1.4378499169833958
20353,679.009,ransac_fail,0,True,8,0.229,NO_FIX,,,,1.5327283330261707
20383,680.01,ok,12,False,0,0.0,SAT,32.10191,35.210762,9.621199684815101,0.44970283401198685
20413,681.011,ok,22,False,0,0.0,SAT,32.102028,35.210636,9.362419446456965,0.38461708393879235
20443,682.012,ok,13,False,0,0.0,SAT,32.102142,35.210526,8.28449724967203,0.4231394169619307
20473,683.013,ok,21,False,0,0.0,SAT,32.102253,35.210415,9.24029067162107,0.43381533306092024
20503,684.014,ok,14,False,0,0.0,SAT,32.102364,35.210354,7.743265920275605,0.38005108397919685
20533,685.014,ok,16,False,0,0.0,SAT,32.10249,35.21031,6.76945796689865,0.4338295420166105
20563,686.015,ok,21,False,0,0.0,SAT,32.102505,35.21022,4.695608785386642,0.3962863329797983
20593,687.016,ok,20,False,0,0.0,SAT,32.102554,35.210117,6.376182851807407,0.38954750006087124
20622,687.984,ok,31,False,0,0.0,SAT,32.102467,35.209965,10.437355554919094,0.39650950010400265
20652,688.985,ok,28,False,0,0.0,SAT,32.10243,35.209858,9.795656983758457,0.39799162501003593
20682,689.986,ok,39,False,0,0.0,SAT,32.1024,35.209766,8.633303956477397,0.576509749982506
20712,690.986,ok,25,False,0,0.0,SAT,32.102406,35.209663,9.240276112995074,0.4164322499418631
20742,691.987,ok,21,False,0,0.0,SAT,32.102406,35.20955,10.389455529799271,0.3235379159450531
20772,692.988,ok,23,False,0,0.0,SAT,32.102406,35.209446,10.04110689291032,0.42950220801867545
20802,693.989,ok,31,False,0,0.0,SAT,32.10224,35.20932,15.136393283812417,0.5322142080403864
20832,694.99,ok,32,False,0,0.0,SAT,32.102123,35.20928,12.644196571828575,0.6855137919774279
20862,695.991,ok,30,False,0,0.0,SAT,32.102093,35.20915,15.613099395513819,0.5887688749935478
20892,696.992,ok,38,False,0,0.0,SAT,32.102356,35.209045,24.149058243535332,0.6346674170345068
20922,697.993,ok,9,False,0,0.0,SAT,32.10259,35.209038,23.211540929671777,0.44420224998611957
20952,698.994,ok,22,False,0,0.0,SAT,32.102577,35.208927,10.27162760669035,0.3754015840822831
20982,699.995,ok,16,False,0,0.0,SAT,32.102528,35.2088,11.878369371952738,0.4152719579869881
21012,700.995,ok,17,False,0,0.0,SAT,32.102543,35.208652,16.040300801223665,0.39444745902437717
21042,701.996,ok,16,False,0,0.0,SAT,32.10257,35.20854,17.314012503450922,0.43908441707026213
21072,702.997,ok,13,False,0,0.0,SAT,32.102627,35.20849,15.372330569553746,0.4396773329935968
21102,703.998,ransac_fail,0,True,175,0.788,VPR_FALLBACK,32.10296182298058,35.20887053127004,56.15495349850625,1.6560772500233725
21132,704.999,ok,12,False,0,0.0,SAT,32.102615,35.20829,12.269351522353164,0.4061557080131024
21162,706.0,ok,17,False,0,0.0,SAT,32.102634,35.20813,17.684481565591664,0.4227959169074893
21192,707.001,ok,20,False,0,0.0,SAT,32.10264,35.208004,19.540582737355322,0.4277155000017956
21222,708.002,ok,17,False,0,0.0,SAT,32.10265,35.20791,18.748773809927165,0.4153107500169426
21252,709.003,ok,28,False,0,0.0,SAT,32.102684,35.20779,20.42876606672364,0.5129306670278311
21282,710.004,ok,25,False,0,0.0,SAT,32.102757,35.20771,19.760229473363626,0.39035708305891603
21312,711.004,ok,30,False,0,0.0,SAT,32.102913,35.207672,20.085011882354344,0.43255066603887826
21342,712.005,ok,39,False,0,0.0,SAT,32.102962,35.20757,21.54570488409102,0.5600876669632271
21372,713.006,ok,33,False,0,0.0,SAT,32.103012,35.20749,21.04762071234445,0.39101075008511543
21402,714.007,ok,33,False,0,0.0,SAT,32.103043,35.2074,20.05007458799591,0.3919205409474671
21432,715.008,ok,37,False,0,0.0,SAT,32.103092,35.2073,21.366452319369994,0.36307800002396107
21462,716.009,ok,30,False,0,0.0,SAT,32.10315,35.2072,22.57561592041084,0.41066158295143396
21492,717.01,ok,28,False,0,0.0,SAT,32.103176,35.2071,22.526051177422993,0.41121900000143796
21522,718.011,ok,33,False,0,0.0,SAT,32.103218,35.206997,23.37914661575513,0.43921224994119257
21552,719.012,ok,31,False,0,0.0,SAT,32.10328,35.206894,25.176938578503492,0.22593641700223088
21582,720.013,ok,43,False,0,0.0,SAT,32.103313,35.206787,25.719021272820505,0.5580233329674229
21612,721.013,ok,31,False,0,0.0,SAT,32.103283,35.206635,27.82122962115361,0.3918249999405816
21642,722.014,ok,34,False,0,0.0,SAT,32.103226,35.206482,30.263999269201413,0.4964834999991581
21672,723.015,ok,31,False,0,0.0,SAT,32.103237,35.206417,26.129775273456232,0.42910695797763765
21702,724.016,ok,34,False,0,0.0,SAT,32.103233,35.206287,28.26290187844486,0.5438917080173269
21731,724.984,ok,30,False,0,0.0,SAT,32.103264,35.20614,32.70984315677338,0.43392099998891354
21761,725.985,ok,28,False,0,0.0,SAT,32.103302,35.20611,26.428258064380792,0.4232822499470785
21791,726.985,ok,27,False,0,0.0,SAT,32.10332,35.205986,28.070784329882052,0.4235308750066906
21821,727.986,ok,31,False,0,0.0,SAT,32.10335,35.20585,31.766837236519574,0.39333054097369313
21851,728.987,ok,22,False,0,0.0,SAT,32.103348,35.20571,34.49092235990283,0.4072174159809947
21881,729.988,ok,23,False,0,0.0,SAT,32.10338,35.205597,35.46921896307501,0.39232195797376335
21911,730.989,ok,24,False,0,0.0,SAT,32.10342,35.205505,34.86370416214519,0.3777453339425847
21941,731.99,ok,23,False,0,0.0,SAT,32.1034,35.205406,33.67129520948782,0.4135667079826817
21971,732.991,ok,28,False,0,0.0,SAT,32.103493,35.205307,35.1651372425578,0.42910637496970594
22001,733.992,ok,27,False,0,0.0,SAT,32.103455,35.20521,32.91586483740269,0.3691145000047982
22031,734.993,ok,19,False,0,0.0,SAT,32.103477,35.205063,37.239926358706796,0.4769787499681115
22061,735.994,ok,10,False,0,0.0,SAT,32.10352,35.20498,36.36268813909835,0.3938789999810979
22091,736.994,ransac_fail,0,True,116,0.624,NO_FIX,,,,1.6952467499068007
22121,737.995,ransac_fail,0,True,151,0.696,NO_FIX,,,,1.472614208003506
22151,738.996,ok,13,False,0,0.0,SAT,32.103565,35.204662,36.96067045553716,0.3998346250737086
22181,739.997,ok,14,False,0,0.0,SAT,32.103565,35.20459,34.054655466154585,0.44037183304317296
22211,740.998,ok,12,False,0,0.0,SAT,32.103653,35.204414,42.99572356753464,0.4625654589617625
22241,741.999,ok,13,False,0,0.0,SAT,32.10363,35.204357,37.86176023026617,0.47458762500900775
22271,743.0,ok,13,False,0,0.0,SAT,32.10365,35.20429,34.7335968895423,0.4687710419530049
22301,744.001,ok,17,False,0,0.0,SAT,32.103653,35.20419,34.41281980408089,0.4083741250215098
22331,745.002,ok,15,False,0,0.0,SAT,32.10367,35.204075,35.46278577562199,0.37612400006037205
22361,746.003,ok,21,False,0,0.0,SAT,32.103683,35.203976,35.017453394953264,0.3623672090470791
22391,747.003,ok,32,False,0,0.0,SAT,32.103714,35.203842,38.21042397260276,0.5387779170414433
22421,748.004,ok,37,False,0,0.0,SAT,32.103725,35.203762,35.91119421554598,0.5662129999836907
22451,749.005,ok,43,False,0,0.0,SAT,32.103752,35.203667,35.4270085827051,0.4895540829747915
22481,750.006,ok,45,False,0,0.0,SAT,32.103745,35.20358,33.079710813008475,0.5255222090054303
22511,751.007,ok,44,False,0,0.0,SAT,32.103813,35.203423,39.254516413488666,0.5304033330176026
22541,752.008,ok,49,False,0,0.0,SAT,32.103798,35.203358,34.76256002664209,0.5642336669843644
22571,753.009,ok,47,False,0,0.0,SAT,32.103836,35.20325,35.784034765153514,0.7064559169812128
22601,754.01,ok,56,False,0,0.0,SAT,32.103825,35.203133,36.33617482592098,0.5587796659674495
22631,755.011,ok,53,False,0,0.0,SAT,32.10385,35.203037,35.911147090183896,0.5257977499859408
22661,756.012,ok,50,False,0,0.0,SAT,32.103874,35.202915,37.73365537122082,0.44199883297551423
22691,757.012,ok,47,False,0,0.0,SAT,32.10388,35.202812,37.273913430083574,0.5083818329731002
22721,758.013,ok,51,False,0,0.0,SAT,32.1039,35.202705,37.513167426238425,0.702016125083901
22751,759.014,ok,52,False,0,0.0,SAT,32.103924,35.20261,36.81683115259864,0.5693699578987435
22781,760.015,ok,56,False,0,0.0,SAT,32.104282,35.202694,43.955373379442065,0.8663432089379057
22811,761.016,ransac_fail,0,True,36,0.59,NO_FIX,,,,1.3438947080867365
22840,761.984,ok,39,False,0,0.0,SAT,32.10465,35.203873,43.967030681030515,0.6716400409350172
22870,762.984,ok,53,False,0,0.0,SAT,32.104713,35.203922,30.042708515355816,0.4942120839841664
22900,763.985,ok,40,False,0,0.0,SAT,32.104786,35.20396,29.722279640822723,0.5623845410300419
22930,764.986,ok,22,False,0,0.0,SAT,32.104916,35.20338,42.84682735439425,0.2278119579423219
22960,765.987,ok,14,False,0,0.0,SAT,32.10461,35.202747,62.21664196181886,0.3869396250229329
22990,766.988,ok,53,False,0,0.0,SAT,32.104706,35.20269,34.504694623532316,0.8108166250167415
23020,767.989,ok,55,False,0,0.0,SAT,32.104744,35.202606,32.160394900250886,0.4621824589557946
23050,768.99,ok,57,False,0,0.0,SAT,32.10479,35.20252,33.15787459199609,0.625491707934998
23080,769.991,ok,48,False,0,0.0,SAT,32.10484,35.202427,34.02518227523678,0.66684850002639
23110,770.992,ok,41,False,0,0.0,SAT,32.104874,35.202335,33.713710453482236,0.40505295793991536
23140,771.993,ok,63,False,0,0.0,SAT,32.105034,35.202377,36.091043157117035,0.6280754170147702
23170,772.993,ok,37,False,0,0.0,SAT,32.10526,35.20254,41.62193333750137,0.5426289999159053
23200,773.994,ok,33,False,0,0.0,SAT,32.105373,35.202843,38.399753180985115,0.42040791700128466
23230,774.995,ok,30,False,0,0.0,SAT,32.10545,35.202858,30.347981555892552,0.388484499999322
23260,775.996,ok,45,False,0,0.0,SAT,32.105522,35.202724,29.099392014304268,0.6509519170504063
23290,776.997,ok,50,False,0,0.0,SAT,32.105522,35.202442,29.260184748867097,0.6284286250593141
23320,777.998,ok,50,False,0,0.0,SAT,32.105453,35.202145,30.81323622887185,0.3988080419367179
23350,778.999,ok,53,False,0,0.0,SAT,32.105515,35.202065,33.50894673823654,0.693580084014684
23380,780.0,ok,60,False,0,0.0,SAT,32.10556,35.201977,34.94808533481544,0.5474694999866188
23410,781.001,ok,50,False,0,0.0,SAT,32.10561,35.201893,34.867171384244564,0.5261223749257624
23440,782.001,ok,50,False,0,0.0,SAT,32.105667,35.201817,33.84702946094996,0.5228227080078796
23470,783.002,ok,55,False,0,0.0,SAT,32.105724,35.20171,34.27302885780242,0.5763879170408472
23500,784.003,ok,61,False,0,0.0,SAT,32.105907,35.20183,35.02666186279622,0.4566433329600841
23530,785.004,ok,49,False,0,0.0,SAT,32.105988,35.201786,33.474676995293635,0.6466370830312371
23560,786.005,ok,47,False,0,0.0,SAT,32.10606,35.20172,33.69534193955827,0.5422430000035092
23590,787.006,ok,60,False,0,0.0,SAT,32.10614,35.201653,35.06958853686768,0.5106358749326319
23620,788.007,ok,63,False,0,0.0,SAT,32.106213,35.20161,34.6002362336712,0.5230885830242187
23650,789.008,ok,51,False,0,0.0,SAT,32.10641,35.202343,50.819228082313835,0.558582374942489
23680,790.009,ransac_fail,0,True,8,0.123,NO_FIX,,,,1.5783983750734478
23710,791.01,ransac_fail,0,True,8,0.113,NO_FIX,,,,1.411751375067979
23740,792.01,ok,15,False,0,0.0,SAT,32.105225,35.203136,36.11286896250284,0.3692599169444293
23770,793.011,ok,21,False,0,0.0,SAT,32.10513,35.203182,27.740105510878543,0.4405255418969318
23800,794.012,ok,41,False,0,0.0,SAT,32.1051,35.20327,26.448320663233126,0.8046053339494392
23830,795.013,ok,34,False,0,0.0,SAT,32.105038,35.203373,28.609649213823648,0.668764999951236
23860,796.014,ok,21,False,0,0.0,SAT,32.10499,35.203472,29.982282110348304,0.3425541250035167
23890,797.015,ok,25,False,0,0.0,SAT,32.104965,35.203506,23.890935003844117,0.2996400829870254
23920,798.016,ok,20,False,0,0.0,SAT,32.10491,35.203594,24.154026307985113,0.44025337509810925
23949,798.983,ok,22,False,0,0.0,SAT,32.104866,35.203686,23.8799793809845,0.2705793750938028
23979,799.984,ok,20,False,0,0.0,SAT,32.104855,35.20392,33.94031395333347,0.23917462502140552
24009,800.985,ok,14,False,0,0.0,SAT,32.10471,35.20395,33.78638292692257,0.45586433296557516
24039,801.986,ok,16,False,0,0.0,SAT,32.104683,35.204025,31.35502776238513,0.4020104589872062
24069,802.987,ok,14,False,0,0.0,SAT,32.104652,35.20413,31.127916968869897,0.40833237499464303
24099,803.988,ok,19,False,0,0.0,SAT,32.104572,35.204216,32.98299879090945,0.393039874965325
24129,804.989,ok,9,False,0,0.0,SAT,32.10458,35.204277,27.043306419824553,0.4590723749715835
24159,805.99,ok,19,False,0,0.0,SAT,32.104473,35.204388,32.413184084144966,0.4116218750132248
24189,806.991,ok,14,False,0,0.0,SAT,32.104515,35.20463,41.35680783320629,0.4178904159925878
24219,807.991,ok,15,False,0,0.0,SAT,32.104374,35.20459,35.02087186156989,0.43206116708461195
24249,808.992,ok,8,False,0,0.0,SAT,32.10428,35.204536,30.906339462219336,0.45901358290575445
24279,809.993,ok,10,False,0,0.0,SAT,32.10437,35.204563,22.510699365609355,0.46869870903901756
24309,810.994,ok,8,False,0,0.0,SAT,32.104572,35.20457,19.384820696791905,0.5260230420390144
24339,811.995,ok,10,False,0,0.0,SAT,32.1043,35.204517,25.418759434087267,0.46985058300197124
24369,812.996,ok,11,False,0,0.0,SAT,32.104385,35.204453,14.290501979527416,0.5131516250548884
24399,813.997,ok,10,False,0,0.0,SAT,32.104393,35.204594,23.082287763179032,0.41783795901574194
24429,814.998,ok,8,False,0,0.0,SAT,32.10429,35.204605,31.317269428200575,0.5265069589950144
24459,815.999,ok,12,False,0,0.0,SAT,32.10438,35.20454,19.768796452929088,0.40887858299538493
24489,817.0,ok,11,False,0,0.0,SAT,32.104397,35.20448,14.571541042114983,0.4045444999355823
24519,818.0,ok,12,False,0,0.0,SAT,32.104374,35.204536,20.084979865621463,0.41437808296177536
24549,819.001,ok,10,False,0,0.0,SAT,32.10437,35.204533,20.131227061602363,0.4675522919278592
24579,820.002,ok,10,False,0,0.0,SAT,32.104378,35.20454,20.054076166919625,0.48357283300720155
24609,821.003,ok,8,False,0,0.0,SAT,32.10436,35.204536,21.304887290551854,0.5152262919582427
24639,822.004,ok,9,False,0,0.0,SAT,32.104675,35.204544,24.694590319899064,0.41346345795318484
24669,823.005,ok,8,False,0,0.0,SAT,32.104618,35.204655,28.929676324881186,0.40212400001473725
24699,824.006,ransac_fail,0,True,382,0.992,VPR_FALLBACK,32.10455677694773,35.20442785378902,7.754199540588677,0.808081416063942
24729,825.007,ok,13,False,0,0.0,SAT,32.10438,35.204544,19.76221081958833,0.4518312079599127
24759,826.008,ok,11,False,0,0.0,SAT,32.104378,35.20453,18.977330750382254,0.5301047499524429
24789,827.009,ok,8,False,0,0.0,SAT,32.104465,35.204624,22.915125914613363,0.43268745904788375
24819,828.009,ok,10,False,0,0.0,SAT,32.104336,35.204517,21.62584176696941,0.4716400830075145
24849,829.01,ransac_fail,0,True,423,0.995,VPR_FALLBACK,32.10455677694773,35.20442785378902,7.705684730225437,0.5312122080940753
24879,830.011,ok,8,False,0,0.0,SAT,32.105812,35.20704,289.76333391388135,0.4099631670396775
