query_dataset,query_frame_count,query_frame_path,dino_reference_dataset,dino_reference_frame_count,dino_position_error_m,temporal_reference_dataset,temporal_reference_frame_count,temporal_reference_frame_path,temporal_rank,temporal_dino_similarity,lg_match_count,lg_inlier_count,lg_inlier_ratio,temporal_position_error_m
v12,1,data/processed/frames_v12_1fps/frame_000001.jpg,v11,24879,15.593941164074662,v11,24879,data/processed/frames_v11_1fps/frame_000831.jpg,1,0.9769362807273865,638,624,0.9780564263322884,15.593941164074662
v12,31,data/processed/frames_v12_1fps/frame_000002.jpg,v11,24849,34.94522591448071,v11,24879,data/processed/frames_v11_1fps/frame_000831.jpg,2,0.9685695171356201,528,503,0.9526515151515151,24.545604482918943
v12,61,data/processed/frames_v12_1fps/frame_000003.jpg,v11,24879,34.29486117271543,v11,24879,data/processed/frames_v11_1fps/frame_000831.jpg,1,0.9671294689178467,449,397,0.8841870824053452,34.29486117271543
v12,91,data/processed/frames_v12_1fps/frame_000004.jpg,v11,24879,44.07090139950715,v11,24879,data/processed/frames_v11_1fps/frame_000831.jpg,1,0.9665573239326477,363,306,0.8429752066115702,44.07090139950715
v12,121,data/processed/frames_v12_1fps/frame_000005.jpg,v11,24879,53.72008046839886,v11,24879,data/processed/frames_v11_1fps/frame_000831.jpg,1,0.9579671025276184,318,239,0.7515723270440252,53.72008046839886
v12,151,data/processed/frames_v12_1fps/frame_000006.jpg,v11,24879,63.59903568546805,v11,24879,data/processed/frames_v11_1fps/frame_000831.jpg,1,0.9576807618141174,230,174,0.7565217391304347,63.59903568546805
v12,181,data/processed/frames_v12_1fps/frame_000007.jpg,v11,24879,73.45544864707631,v11,24879,data/processed/frames_v11_1fps/frame_000831.jpg,1,0.9531471133232117,174,121,0.6954022988505747,73.45544864707631
v12,211,data/processed/frames_v12_1fps/frame_000008.jpg,v11,24879,83.39180059438137,v11,24879,data/processed/frames_v11_1fps/frame_000831.jpg,1,0.9562572836875916,142,88,0.6197183098591549,83.39180059438137
v12,241,data/processed/frames_v12_1fps/frame_000009.jpg,v11,24879,93.24445774879779,v11,21582,data/processed/frames_v11_1fps/frame_000721.jpg,9,0.9500748515129089,169,71,0.42011834319526625,93.49727007139535
v12,271,data/processed/frames_v12_1fps/frame_000010.jpg,v13,23230,247.1452340869044,v11,21672,data/processed/frames_v11_1fps/frame_000724.jpg,4,0.9522135257720947,250,115,0.46,82.45358483593307
v12,301,data/processed/frames_v12_1fps/frame_000011.jpg,v11,24879,111.95836770826803,v11,21761,data/processed/frames_v11_1fps/frame_000727.jpg,6,0.9512722492218018,392,177,0.45153061224489793,70.0320065412885
v12,331,data/processed/frames_v12_1fps/frame_000012.jpg,v11,21731,65.8693341881312,v11,21761,data/processed/frames_v11_1fps/frame_000727.jpg,2,0.9663537740707397,414,192,0.463768115942029,63.30686773645096
v12,361,data/processed/frames_v12_1fps/frame_000013.jpg,v11,21731,67.3282164972145,v11,21821,data/processed/frames_v11_1fps/frame_000729.jpg,5,0.9638319611549377,432,222,0.5138888888888888,59.48180805946381
v12,391,data/processed/frames_v12_1fps/frame_000014.jpg,v11,21851,58.94707115093817,v11,21821,data/processed/frames_v11_1fps/frame_000729.jpg,4,0.9673013091087341,408,233,0.571078431372549,57.911019217430145
v12,421,data/processed/frames_v12_1fps/frame_000015.jpg,v11,21851,58.02093983013932,v11,21821,data/processed/frames_v11_1fps/frame_000729.jpg,5,0.9701906442642212,384,218,0.5677083333333334,58.70239695055159
v12,451,data/processed/frames_v12_1fps/frame_000016.jpg,v11,21791,73.0421604387324,v11,21851,data/processed/frames_v11_1fps/frame_000730.jpg,3,0.9663910865783691,342,194,0.5672514619883041,65.6277011218546
v12,481,data/processed/frames_v12_1fps/frame_000017.jpg,v11,21791,85.9546403295342,v11,21851,data/processed/frames_v11_1fps/frame_000730.jpg,2,0.9681954383850098,313,176,0.5623003194888179,77.42695524748692
v12,511,data/processed/frames_v12_1fps/frame_000018.jpg,v11,21791,95.26737806161795,v11,21851,data/processed/frames_v11_1fps/frame_000730.jpg,2,0.9621188044548035,266,186,0.6992481203007519,85.58338934041386
v12,541,data/processed/frames_v12_1fps/frame_000019.jpg,v11,21851,92.08983651187759,v11,21851,data/processed/frames_v11_1fps/frame_000730.jpg,1,0.9639446139335632,255,158,0.6196078431372549,92.08983651187759
v12,570,data/processed/frames_v12_1fps/frame_000020.jpg,v11,22091,95.32807248411028,v11,21851,data/processed/frames_v11_1fps/frame_000730.jpg,9,0.9554397463798523,238,136,0.5714285714285714,96.99149523030145
v12,600,data/processed/frames_v12_1fps/frame_000021.jpg,v11,22091,87.88648849223496,v11,22001,data/processed/frames_v11_1fps/frame_000735.jpg,10,0.9615174531936646,335,150,0.44776119402985076,93.78480299858286
v12,630,data/processed/frames_v12_1fps/frame_000022.jpg,v11,22121,83.79247183559166,v11,22061,data/processed/frames_v11_1fps/frame_000737.jpg,4,0.9703863263130188,398,150,0.3768844221105528,80.66989216130868
v12,660,data/processed/frames_v12_1fps/frame_000023.jpg,v11,22121,81.26485133944473,v11,22031,data/processed/frames_v11_1fps/frame_000736.jpg,3,0.9692219495773315,342,149,0.43567251461988304,85.33892386262916
v12,690,data/processed/frames_v12_1fps/frame_000024.jpg,v11,22121,80.76523426882336,v11,22121,data/processed/frames_v11_1fps/frame_000739.jpg,1,0.9750568270683289,403,163,0.4044665012406948,80.76523426882336
v12,720,data/processed/frames_v12_1fps/frame_000025.jpg,v11,22121,81.840191335194,v11,22091,data/processed/frames_v11_1fps/frame_000738.jpg,3,0.9669443964958191,349,146,0.4183381088825215,82.34430445855673
v12,750,data/processed/frames_v12_1fps/frame_000026.jpg,v11,22121,84.36361490876664,v11,22121,data/processed/frames_v11_1fps/frame_000739.jpg,1,0.9733963012695312,345,133,0.3855072463768116,84.36361490876664
v12,780,data/processed/frames_v12_1fps/frame_000027.jpg,v11,22121,87.95130971615598,v11,22121,data/processed/frames_v11_1fps/frame_000739.jpg,1,0.9692049026489258,337,132,0.3916913946587537,87.95130971615598
v12,810,data/processed/frames_v12_1fps/frame_000028.jpg,v11,22121,91.86382556802045,v11,22121,data/processed/frames_v11_1fps/frame_000739.jpg,1,0.9661251902580261,309,115,0.37216828478964403,91.86382556802045
v12,840,data/processed/frames_v12_1fps/frame_000029.jpg,v11,22121,96.93684839206242,v11,22091,data/processed/frames_v11_1fps/frame_000738.jpg,8,0.9550883769989014,257,112,0.4357976653696498,101.42736044736459
v12,870,data/processed/frames_v12_1fps/frame_000030.jpg,v11,22301,106.50862339252136,v11,22151,data/processed/frames_v11_1fps/frame_000740.jpg,5,0.9599491953849792,252,94,0.373015873015873,104.47221181793017
v12,900,data/processed/frames_v12_1fps/frame_000031.jpg,v11,22301,107.52968752766617,v11,22211,data/processed/frames_v11_1fps/frame_000742.jpg,6,0.9482885599136353,276,104,0.37681159420289856,109.68928068034134
v12,930,data/processed/frames_v12_1fps/frame_000032.jpg,v11,22301,109.27778397389979,v11,22271,data/processed/frames_v11_1fps/frame_000744.jpg,3,0.9479871988296509,292,111,0.3801369863013699,109.35393163700077
v12,960,data/processed/frames_v12_1fps/frame_000033.jpg,v11,22301,111.70216104100354,v11,22271,data/processed/frames_v11_1fps/frame_000744.jpg,4,0.936369776725769,281,100,0.35587188612099646,112.63239131474192
v12,990,data/processed/frames_v12_1fps/frame_000034.jpg,v11,22301,115.00305506074241,v11,22361,data/processed/frames_v11_1fps/frame_000747.jpg,4,0.9381890296936035,254,93,0.3661417322834646,124.2723549794867
v12,1020,data/processed/frames_v12_1fps/frame_000035.jpg,v11,22781,139.3010595426539,v11,22391,data/processed/frames_v11_1fps/frame_000748.jpg,7,0.9360535740852356,246,83,0.33739837398373984,129.97530354652437
v12,1050,data/processed/frames_v12_1fps/frame_000036.jpg,v11,22721,159.48791295187425,v11,22301,data/processed/frames_v11_1fps/frame_000745.jpg,10,0.932111918926239,211,70,0.33175355450236965,124.79374187724002
v12,1080,data/processed/frames_v12_1fps/frame_000037.jpg,v11,22721,159.03574035181762,v13,5876,data/processed/frames_v13_1fps/frame_000197.jpg,8,0.9363532066345215,158,43,0.2721518987341772,216.09317622443996
v12,1110,data/processed/frames_v12_1fps/frame_000038.jpg,v11,22721,159.40497834646402,v13,5966,data/processed/frames_v13_1fps/frame_000200.jpg,9,0.9394215941429138,173,57,0.32947976878612717,210.2004165143915
v12,1140,data/processed/frames_v12_1fps/frame_000039.jpg,v13,5936,211.7121526613169,v13,5966,data/processed/frames_v13_1fps/frame_000200.jpg,2,0.9475699067115784,198,66,0.3333333333333333,209.27238521285372
v12,1170,data/processed/frames_v12_1fps/frame_000040.jpg,v13,5966,208.7263135514974,v13,5966,data/processed/frames_v13_1fps/frame_000200.jpg,1,0.9552658796310425,206,68,0.3300970873786408,208.7263135514974
v12,1200,data/processed/frames_v12_1fps/frame_000041.jpg,v13,5966,208.89972217551016,v13,5966,data/processed/frames_v13_1fps/frame_000200.jpg,1,0.9608334898948669,209,71,0.3397129186602871,208.89972217551016
v12,1230,data/processed/frames_v12_1fps/frame_000042.jpg,v13,5966,209.538793388834,v13,5966,data/processed/frames_v13_1fps/frame_000200.jpg,1,0.9573582410812378,212,71,0.33490566037735847,209.538793388834
v12,1260,data/processed/frames_v12_1fps/frame_000043.jpg,v13,5996,204.8273963220814,v13,5966,data/processed/frames_v13_1fps/frame_000200.jpg,2,0.9347497820854187,221,73,0.33031674208144796,208.41362057116126
v12,1290,data/processed/frames_v12_1fps/frame_000044.jpg,v13,5936,201.4691917043508,v13,5996,data/processed/frames_v13_1fps/frame_000201.jpg,5,0.9495517611503601,180,56,0.3111111111111111,192.7118825392115
v12,1320,data/processed/frames_v12_1fps/frame_000045.jpg,v13,6056,118.83765378798725,v13,6056,data/processed/frames_v13_1fps/frame_000203.jpg,1,0.9752940535545349,36,11,0.3055555555555556,118.83765378798725
v12,1350,data/processed/frames_v12_1fps/frame_000046.jpg,v13,6056,89.90520843463202,v13,6056,data/processed/frames_v13_1fps/frame_000203.jpg,1,0.9708020687103271,40,12,0.3,89.90520843463202
v12,1380,data/processed/frames_v12_1fps/frame_000047.jpg,v13,6056,94.76000408704581,v13,6116,data/processed/frames_v13_1fps/frame_000205.jpg,2,0.9705938696861267,48,14,0.2916666666666667,62.45677492692793
v12,1410,data/processed/frames_v12_1fps/frame_000048.jpg,v13,6056,90.25880791778094,v13,6145,data/processed/frames_v13_1fps/frame_000206.jpg,6,0.9635841250419617,41,9,0.21951219512195122,56.28559959411699
v12,1440,data/processed/frames_v12_1fps/frame_000049.jpg,v13,6805,157.39911383848855,v13,6715,data/processed/frames_v13_1fps/frame_000225.jpg,9,0.9591778516769409,26,5,0.19230769230769232,133.14202425247038
v12,1470,data/processed/frames_v12_1fps/frame_000050.jpg,v13,6925,195.27399357897676,v13,6835,data/processed/frames_v13_1fps/frame_000229.jpg,5,0.9630716443061829,39,8,0.20512820512820512,167.68932381595303
v12,1500,data/processed/frames_v12_1fps/frame_000051.jpg,v13,8334,113.60440794085343,v13,6745,data/processed/frames_v13_1fps/frame_000226.jpg,8,0.9603142738342285,10,5,0.5,150.25279766834447
v12,1530,data/processed/frames_v12_1fps/frame_000052.jpg,v13,8004,125.46200230836985,v13,8004,data/processed/frames_v13_1fps/frame_000268.jpg,1,0.9658522605895996,40,11,0.275,125.46200230836985
v12,1560,data/processed/frames_v12_1fps/frame_000053.jpg,v11,23290,130.52325280269204,v11,23230,data/processed/frames_v11_1fps/frame_000776.jpg,6,0.9615964889526367,258,115,0.44573643410852715,93.75995260742164
v12,1590,data/processed/frames_v12_1fps/frame_000054.jpg,v11,23230,78.3692015051483,v11,23230,data/processed/frames_v11_1fps/frame_000776.jpg,1,0.9665966629981995,298,136,0.4563758389261745,78.3692015051483
v12,1620,data/processed/frames_v12_1fps/frame_000055.jpg,v11,23290,105.43952805116123,v11,23230,data/processed/frames_v11_1fps/frame_000776.jpg,2,0.9609324336051941,302,141,0.46688741721854304,75.26990612471144
v12,1650,data/processed/frames_v12_1fps/frame_000056.jpg,v11,23320,106.37792316428977,v11,23260,data/processed/frames_v11_1fps/frame_000777.jpg,5,0.9595026969909668,352,131,0.3721590909090909,88.9527748657477
v12,1680,data/processed/frames_v12_1fps/frame_000057.jpg,v11,23320,91.19533701817429,v11,23320,data/processed/frames_v11_1fps/frame_000779.jpg,1,0.9608915448188782,301,130,0.4318936877076412,91.19533701817429
v12,1709,data/processed/frames_v12_1fps/frame_000058.jpg,v11,23380,99.67566476976182,v11,23320,data/processed/frames_v11_1fps/frame_000779.jpg,2,0.9604108333587646,332,153,0.4608433734939759,78.68474452827277
v12,1739,data/processed/frames_v12_1fps/frame_000059.jpg,v13,8993,193.59978060327177,v11,23320,data/processed/frames_v11_1fps/frame_000779.jpg,4,0.9566634893417358,374,154,0.4117647058823529,73.45257854295836
v12,1769,data/processed/frames_v12_1fps/frame_000060.jpg,v11,23380,86.23863231598918,v11,23320,data/processed/frames_v11_1fps/frame_000779.jpg,4,0.9589906334877014,395,178,0.4506329113924051,68.45177171076075
v12,1799,data/processed/frames_v12_1fps/frame_000061.jpg,v11,23380,81.38849190654854,v11,23380,data/processed/frames_v11_1fps/frame_000781.jpg,1,0.9639951586723328,295,135,0.4576271186440678,81.38849190654854
v12,1829,data/processed/frames_v12_1fps/frame_000062.jpg,v11,23650,119.57758298542191,v11,23530,data/processed/frames_v11_1fps/frame_000786.jpg,9,0.9566578269004822,220,109,0.4954545454545455,104.62063497154315
v12,1859,data/processed/frames_v12_1fps/frame_000063.jpg,v13,8633,97.29999734348212,v11,23560,data/processed/frames_v11_1fps/frame_000787.jpg,4,0.9572575092315674,217,87,0.4009216589861751,102.73704464862197
v12,1889,data/processed/frames_v12_1fps/frame_000064.jpg,v11,23650,109.12352531729874,v11,23530,data/processed/frames_v11_1fps/frame_000786.jpg,10,0.9544615745544434,253,126,0.4980237154150198,101.19621356633486
v12,1919,data/processed/frames_v12_1fps/frame_000065.jpg,v11,23650,102.21889294913478,v11,23560,data/processed/frames_v11_1fps/frame_000787.jpg,4,0.9602566957473755,253,122,0.48221343873517786,93.41874101564287
v12,1949,data/processed/frames_v12_1fps/frame_000066.jpg,v13,8753,80.8167114798254,v11,23650,data/processed/frames_v11_1fps/frame_000790.jpg,5,0.9591033458709717,171,49,0.28654970760233917,96.24383921814051
v12,1979,data/processed/frames_v12_1fps/frame_000067.jpg,v13,8753,75.08522547743212,v11,23560,data/processed/frames_v11_1fps/frame_000787.jpg,9,0.9491766691207886,266,125,0.4699248120300752,87.58276157416958
v12,2009,data/processed/frames_v12_1fps/frame_000068.jpg,v13,8753,68.16322558919101,v11,23590,data/processed/frames_v11_1fps/frame_000788.jpg,10,0.9550679326057434,260,112,0.4307692307692308,86.63091849843237
v12,2039,data/processed/frames_v12_1fps/frame_000069.jpg,v13,8753,59.43619347076189,v11,23590,data/processed/frames_v11_1fps/frame_000788.jpg,10,0.9552016854286194,230,121,0.5260869565217391,90.93998919317104
v12,2069,data/processed/frames_v12_1fps/frame_000070.jpg,v13,8753,53.17507439811214,v11,23650,data/processed/frames_v11_1fps/frame_000790.jpg,10,0.9638413190841675,212,98,0.46226415094339623,91.8220881760544
v12,2099,data/processed/frames_v12_1fps/frame_000071.jpg,v13,8753,51.28967919229492,v11,23650,data/processed/frames_v11_1fps/frame_000790.jpg,10,0.9560100436210632,224,95,0.42410714285714285,91.53139996898054
v12,2129,data/processed/frames_v12_1fps/frame_000072.jpg,v13,8753,53.752101191162936,v11,23680,data/processed/frames_v11_1fps/frame_000791.jpg,10,0.9638090133666992,259,136,0.525096525096525,88.03159347053334
v12,2159,data/processed/frames_v12_1fps/frame_000073.jpg,v13,8723,71.09051102416872,v11,23740,data/processed/frames_v11_1fps/frame_000793.jpg,8,0.9685829877853394,298,191,0.6409395973154363,81.64718151815052
v12,2189,data/processed/frames_v12_1fps/frame_000074.jpg,v13,8843,49.284129851806526,v11,23740,data/processed/frames_v11_1fps/frame_000793.jpg,7,0.9674179553985596,309,203,0.656957928802589,76.74329181404451
v12,2219,data/processed/frames_v12_1fps/frame_000075.jpg,v13,8843,51.878437090462725,v11,23740,data/processed/frames_v11_1fps/frame_000793.jpg,6,0.9678131341934204,316,221,0.6993670886075949,75.60655721751904
v12,2249,data/processed/frames_v12_1fps/frame_000076.jpg,v13,8993,30.020169553392456,v11,23830,data/processed/frames_v11_1fps/frame_000796.jpg,10,0.9656870365142822,334,245,0.7335329341317365,72.45181200930548
v12,2279,data/processed/frames_v12_1fps/frame_000077.jpg,v13,8993,25.31395742249612,v13,9083,data/processed/frames_v13_1fps/frame_000304.jpg,5,0.9748452305793762,402,321,0.7985074626865671,30.209030770410884
v12,2309,data/processed/frames_v12_1fps/frame_000078.jpg,v13,8993,23.949128415384063,v13,9083,data/processed/frames_v13_1fps/frame_000304.jpg,6,0.9729854464530945,482,411,0.8526970954356846,20.059606411405596
v12,2339,data/processed/frames_v12_1fps/frame_000079.jpg,v13,9023,13.736929740962651,v13,9083,data/processed/frames_v13_1fps/frame_000304.jpg,6,0.9757878184318542,544,449,0.8253676470588235,9.895178437119162
v12,2369,data/processed/frames_v12_1fps/frame_000080.jpg,v13,9023,20.293359650687655,v13,9083,data/processed/frames_v13_1fps/frame_000304.jpg,2,0.9857178926467896,614,497,0.8094462540716613,0.5047593150020324
v12,2399,data/processed/frames_v12_1fps/frame_000081.jpg,v13,9083,10.597263605727832,v13,9113,data/processed/frames_v13_1fps/frame_000305.jpg,2,0.9857484698295593,639,535,0.837245696400626,4.661823122054464
v12,2429,data/processed/frames_v12_1fps/frame_000082.jpg,v13,9083,20.749962269150192,v13,9143,data/processed/frames_v13_1fps/frame_000306.jpg,2,0.9884896874427795,672,587,0.8735119047619048,10.51520293066891
v12,2459,data/processed/frames_v12_1fps/frame_000083.jpg,v13,9083,31.075439862680035,v13,9173,data/processed/frames_v13_1fps/frame_000307.jpg,7,0.9725068211555481,528,498,0.9431818181818182,21.096261991424626
v12,2489,data/processed/frames_v12_1fps/frame_000084.jpg,v13,9113,35.66766686827939,v13,9203,data/processed/frames_v13_1fps/frame_000308.jpg,5,0.9742081165313721,519,504,0.9710982658959537,35.66403814078886
v12,2519,data/processed/frames_v12_1fps/frame_000085.jpg,v13,9143,42.36105118585928,v13,9203,data/processed/frames_v13_1fps/frame_000308.jpg,3,0.9760282635688782,542,517,0.9538745387453874,42.5941066892981
v12,2549,data/processed/frames_v12_1fps/frame_000086.jpg,v13,9203,48.65228464300134,v13,9233,data/processed/frames_v13_1fps/frame_000309.jpg,4,0.9622331261634827,523,514,0.982791586998088,52.78152010826784
v12,2579,data/processed/frames_v12_1fps/frame_000087.jpg,v13,9203,55.94135255533545,v13,9263,data/processed/frames_v13_1fps/frame_000310.jpg,5,0.9615654945373535,473,460,0.9725158562367865,64.09305383161967
v12,2609,data/processed/frames_v12_1fps/frame_000088.jpg,v13,9203,63.99660222079161,v13,9263,data/processed/frames_v13_1fps/frame_000310.jpg,7,0.9553631544113159,453,436,0.9624724061810155,69.92206432946058
v12,2639,data/processed/frames_v12_1fps/frame_000089.jpg,v13,9203,72.63946040197146,v13,9293,data/processed/frames_v13_1fps/frame_000311.jpg,10,0.9555633664131165,438,410,0.9360730593607306,80.14214125333402
v12,2669,data/processed/frames_v12_1fps/frame_000090.jpg,v13,9203,81.3362555165944,v13,9323,data/processed/frames_v13_1fps/frame_000312.jpg,4,0.9588153958320618,373,326,0.8739946380697051,88.83390016393999
v12,2699,data/processed/frames_v12_1fps/frame_000091.jpg,v13,9323,94.60964401790588,v13,9413,data/processed/frames_v13_1fps/frame_000315.jpg,3,0.9602395296096802,322,198,0.6149068322981367,104.45753808327494
v12,2729,data/processed/frames_v12_1fps/frame_000092.jpg,v11,24309,111.70232807895827,v11,24249,data/processed/frames_v11_1fps/frame_000810.jpg,3,0.9666246771812439,278,116,0.4172661870503597,109.9104111668887
v12,2759,data/processed/frames_v12_1fps/frame_000093.jpg,v11,24309,112.33367707982455,v11,24309,data/processed/frames_v11_1fps/frame_000812.jpg,1,0.9726171493530273,293,106,0.36177474402730375,112.33367707982455
v12,2789,data/processed/frames_v12_1fps/frame_000094.jpg,v11,24309,108.20031706449882,v11,24219,data/processed/frames_v11_1fps/frame_000809.jpg,5,0.9668981432914734,255,109,0.42745098039215684,113.09026267048864
v12,2818,data/processed/frames_v12_1fps/frame_000095.jpg,v13,9413,102.11565388029767,v13,9443,data/processed/frames_v13_1fps/frame_000316.jpg,2,0.9519829154014587,489,200,0.40899795501022496,110.89985083722883
v12,2848,data/processed/frames_v12_1fps/frame_000096.jpg,v13,9472,100.95141166847733,v13,9472,data/processed/frames_v13_1fps/frame_000317.jpg,1,0.9653929471969604,326,100,0.3067484662576687,100.95141166847733
v12,2878,data/processed/frames_v12_1fps/frame_000097.jpg,v13,9472,65.29519706481813,v13,9472,data/processed/frames_v13_1fps/frame_000317.jpg,1,0.9679316282272339,350,113,0.32285714285714284,65.29519706481813
v12,2908,data/processed/frames_v12_1fps/frame_000098.jpg,v13,9472,42.9362238077118,v13,9502,data/processed/frames_v13_1fps/frame_000318.jpg,2,0.9668184518814087,315,143,0.45396825396825397,67.75959712343705
v12,2938,data/processed/frames_v12_1fps/frame_000099.jpg,v13,9472,33.1213878743106,v13,9502,data/processed/frames_v13_1fps/frame_000318.jpg,2,0.9714077711105347,310,131,0.42258064516129035,58.30012687431554
v12,2968,data/processed/frames_v12_1fps/frame_000100.jpg,v13,9472,29.950430799863945,v13,9502,data/processed/frames_v13_1fps/frame_000318.jpg,2,0.9688037037849426,349,172,0.49283667621776506,57.57008142798476
v12,2998,data/processed/frames_v12_1fps/frame_000101.jpg,v13,9472,24.229364342678743,v13,9502,data/processed/frames_v13_1fps/frame_000318.jpg,2,0.9771366715431213,428,214,0.5,52.24014224805286
v12,3028,data/processed/frames_v12_1fps/frame_000102.jpg,v13,9472,14.851217099916967,v13,9502,data/processed/frames_v13_1fps/frame_000318.jpg,2,0.9771711826324463,496,272,0.5483870967741935,42.0469373073867
v12,3058,data/processed/frames_v12_1fps/frame_000103.jpg,v13,9502,36.629828149040954,v13,9502,data/processed/frames_v13_1fps/frame_000318.jpg,1,0.9829261302947998,560,336,0.6,36.629828149040954
v12,3088,data/processed/frames_v12_1fps/frame_000104.jpg,v13,9502,35.28464619726442,v13,9502,data/processed/frames_v13_1fps/frame_000318.jpg,1,0.9824690818786621,546,325,0.5952380952380952,35.28464619726442
v12,3118,data/processed/frames_v12_1fps/frame_000105.jpg,v13,9502,36.82572649414066,v13,9532,data/processed/frames_v13_1fps/frame_000319.jpg,2,0.9787293076515198,566,320,0.5653710247349824,54.05700209517331
v12,3148,data/processed/frames_v12_1fps/frame_000106.jpg,v13,9532,55.32927024313896,v13,9532,data/processed/frames_v13_1fps/frame_000319.jpg,1,0.9804911613464355,533,308,0.5778611632270169,55.32927024313896
v12,3178,data/processed/frames_v12_1fps/frame_000107.jpg,v13,9562,65.2919054219786,v13,9562,data/processed/frames_v13_1fps/frame_000320.jpg,1,0.9841522574424744,512,289,0.564453125,65.2919054219786
v12,3208,data/processed/frames_v12_1fps/frame_000108.jpg,v13,9562,66.32715148351826,v13,9562,data/processed/frames_v13_1fps/frame_000320.jpg,1,0.9781919121742249,482,245,0.508298755186722,66.32715148351826
v12,3238,data/processed/frames_v12_1fps/frame_000109.jpg,v13,9562,62.660941139215204,v13,9592,data/processed/frames_v13_1fps/frame_000321.jpg,4,0.9770967364311218,479,247,0.5156576200417536,61.42224087408135
v12,3268,data/processed/frames_v12_1fps/frame_000110.jpg,v13,18914,89.56887301913284,v13,9652,data/processed/frames_v13_1fps/frame_000323.jpg,8,0.9727523326873779,515,280,0.5436893203883495,56.70345557458844
v12,3298,data/processed/frames_v12_1fps/frame_000111.jpg,v13,18914,75.6944221155007,v13,9652,data/processed/frames_v13_1fps/frame_000323.jpg,9,0.9698690176010132,442,236,0.5339366515837104,70.17668751649765
v12,3328,data/processed/frames_v12_1fps/frame_000112.jpg,v13,18914,67.76750917566562,v14,780,data/processed/frames_v14_1fps/frame_000027.jpg,10,0.9670044779777527,478,214,0.4476987447698745,39.87232755773994
v12,3358,data/processed/frames_v12_1fps/frame_000113.jpg,v13,18914,64.68689860996044,v14,870,data/processed/frames_v14_1fps/frame_000030.jpg,6,0.9739422798156738,480,254,0.5291666666666667,38.080751155146245
v12,3388,data/processed/frames_v12_1fps/frame_000114.jpg,v13,18914,63.40575801520417,v14,900,data/processed/frames_v14_1fps/frame_000031.jpg,5,0.9757646322250366,518,278,0.5366795366795367,35.71248352811093
v12,3418,data/processed/frames_v12_1fps/frame_000115.jpg,v13,18914,63.20840824916138,v13,18974,data/processed/frames_v13_1fps/frame_000634.jpg,3,0.9799275994300842,576,335,0.5815972222222222,28.622430455966903
v12,3448,data/processed/frames_v12_1fps/frame_000116.jpg,v13,18914,64.94633037651407,v13,18944,data/processed/frames_v13_1fps/frame_000633.jpg,2,0.9804790019989014,683,492,0.7203513909224012,34.023615946604714
v12,3478,data/processed/frames_v12_1fps/frame_000117.jpg,v13,18914,68.12715127626015,v13,18944,data/processed/frames_v13_1fps/frame_000633.jpg,4,0.9817834496498108,697,570,0.8177905308464849,33.57451002522605
v12,3508,data/processed/frames_v12_1fps/frame_000118.jpg,v13,19034,17.39707913163215,v13,19004,data/processed/frames_v13_1fps/frame_000635.jpg,4,0.984307587146759,670,560,0.835820895522388,6.9780935986810935
v12,3538,data/processed/frames_v12_1fps/frame_000119.jpg,v13,19034,10.51769845868393,v13,19004,data/processed/frames_v13_1fps/frame_000635.jpg,3,0.9865211248397827,650,512,0.7876923076923077,8.345114021122969
v12,3568,data/processed/frames_v12_1fps/frame_000120.jpg,v13,19034,11.156817216771637,v13,19034,data/processed/frames_v13_1fps/frame_000636.jpg,1,0.9887849688529968,646,551,0.8529411764705882,11.156817216771637
v12,3598,data/processed/frames_v12_1fps/frame_000121.jpg,v13,19094,15.511554566421117,v13,19064,data/processed/frames_v13_1fps/frame_000637.jpg,2,0.9898857474327087,637,475,0.7456828885400314,16.050682158083962
v12,3628,data/processed/frames_v12_1fps/frame_000122.jpg,v13,19094,16.387327324191045,v13,19094,data/processed/frames_v13_1fps/frame_000638.jpg,1,0.9893355965614319,611,470,0.7692307692307693,16.387327324191045
v12,3658,data/processed/frames_v12_1fps/frame_000123.jpg,v13,19184,20.536223425535372,v13,19124,data/processed/frames_v13_1fps/frame_000639.jpg,3,0.9873324036598206,647,487,0.7527047913446677,16.465236856788767
v12,3688,data/processed/frames_v12_1fps/frame_000124.jpg,v13,19184,13.499430947555162,v13,19154,data/processed/frames_v13_1fps/frame_000640.jpg,3,0.9870496392250061,646,426,0.6594427244582043,14.35739157871299
v12,3718,data/processed/frames_v12_1fps/frame_000125.jpg,v14,1140,14.843831400259063,v13,19184,data/processed/frames_v13_1fps/frame_000641.jpg,8,0.9840361475944519,611,458,0.7495908346972177,7.288352605890829
v12,3748,data/processed/frames_v12_1fps/frame_000126.jpg,v13,14538,29.224579032943076,v13,14538,data/processed/frames_v13_1fps/frame_000486.jpg,1,0.9917026162147522,653,424,0.6493108728943339,29.224579032943076
v12,3778,data/processed/frames_v12_1fps/frame_000127.jpg,v13,14538,24.35866459240932,v13,14568,data/processed/frames_v13_1fps/frame_000487.jpg,2,0.993563175201416,688,455,0.6613372093023255,8.743327609427775
v12,3808,data/processed/frames_v12_1fps/frame_000128.jpg,v14,1260,24.066232518478632,v13,19274,data/processed/frames_v13_1fps/frame_000644.jpg,6,0.9853423833847046,636,559,0.8789308176100629,16.850028700108577
v12,3838,data/processed/frames_v12_1fps/frame_000129.jpg,v13,14658,25.762956147910312,v13,19304,data/processed/frames_v13_1fps/frame_000645.jpg,4,0.9876646399497986,636,595,0.9355345911949685,13.806387381083706
v12,3868,data/processed/frames_v12_1fps/frame_000130.jpg,v13,14658,20.49467303398374,v13,19334,data/processed/frames_v13_1fps/frame_000646.jpg,10,0.9811598062515259,635,623,0.9811023622047244,16.12669386343307
v12,3898,data/processed/frames_v12_1fps/frame_000131.jpg,v14,1350,16.877479317778203,v13,19364,data/processed/frames_v13_1fps/frame_000647.jpg,8,0.9839487671852112,644,630,0.9782608695652174,18.444547004496396
v12,3927,data/processed/frames_v12_1fps/frame_000132.jpg,v14,1380,16.365053621762375,v13,19394,data/processed/frames_v13_1fps/frame_000648.jpg,4,0.9927687644958496,726,693,0.9545454545454546,16.4668997674931
v12,3957,data/processed/frames_v12_1fps/frame_000133.jpg,v13,19424,10.864467689703766,v13,19424,data/processed/frames_v13_1fps/frame_000649.jpg,1,0.9941697120666504,744,699,0.9395161290322581,10.864467689703766
v12,3987,data/processed/frames_v12_1fps/frame_000134.jpg,v13,19424,16.106316003630592,v13,19454,data/processed/frames_v13_1fps/frame_000650.jpg,3,0.9917911291122437,702,667,0.9501424501424501,11.338150663128244
v12,4017,data/processed/frames_v12_1fps/frame_000135.jpg,v13,19454,16.628756241695996,v13,19484,data/processed/frames_v13_1fps/frame_000651.jpg,3,0.9895107746124268,691,653,0.9450072358900145,15.057843288325323
v12,4047,data/processed/frames_v12_1fps/frame_000136.jpg,v14,1470,13.57532816437687,v13,19513,data/processed/frames_v13_1fps/frame_000652.jpg,2,0.9900833368301392,678,633,0.9336283185840708,16.556343290755475
v12,4077,data/processed/frames_v12_1fps/frame_000137.jpg,v14,1500,13.30003348143141,v13,19543,data/processed/frames_v13_1fps/frame_000653.jpg,7,0.9847666621208191,669,628,0.9387144992526159,17.82164649650872
v12,4107,data/processed/frames_v12_1fps/frame_000138.jpg,v14,1530,12.469823837859622,v13,19573,data/processed/frames_v13_1fps/frame_000654.jpg,3,0.9867806434631348,694,601,0.8659942363112392,19.399318180428697
v12,4137,data/processed/frames_v12_1fps/frame_000139.jpg,v14,1590,14.484335348694426,v13,19603,data/processed/frames_v13_1fps/frame_000655.jpg,3,0.988824188709259,667,558,0.8365817091454273,20.83499632131407
v12,4167,data/processed/frames_v12_1fps/frame_000140.jpg,v14,1590,10.118790211816552,v14,1590,data/processed/frames_v14_1fps/frame_000054.jpg,1,0.9906755685806274,691,491,0.7105643994211288,10.118790211816552
v12,4197,data/processed/frames_v12_1fps/frame_000141.jpg,v14,1620,8.276413312172837,v14,1620,data/processed/frames_v14_1fps/frame_000055.jpg,1,0.9890885353088379,672,524,0.7797619047619048,8.276413312172837
v12,4227,data/processed/frames_v12_1fps/frame_000142.jpg,v14,1650,7.247554244629719,v14,1620,data/processed/frames_v14_1fps/frame_000055.jpg,5,0.9886177182197571,641,520,0.8112324492979719,11.910049651868004
v12,4257,data/processed/frames_v12_1fps/frame_000143.jpg,v13,19693,25.580455361260963,v14,1739,data/processed/frames_v14_1fps/frame_000059.jpg,3,0.9887592792510986,666,535,0.8033033033033034,8.64850361713179
v12,4287,data/processed/frames_v12_1fps/frame_000144.jpg,v14,1799,5.017273526072011,v14,1829,data/processed/frames_v14_1fps/frame_000062.jpg,5,0.988793671131134,688,557,0.809593023255814,4.764013326333927
v12,4317,data/processed/frames_v12_1fps/frame_000145.jpg,v14,1859,9.48749672862887,v14,1919,data/processed/frames_v14_1fps/frame_000065.jpg,7,0.9856683015823364,668,523,0.7829341317365269,5.4059461694960955
v12,4347,data/processed/frames_v12_1fps/frame_000146.jpg,v13,19813,26.976511088491435,v13,19813,data/processed/frames_v13_1fps/frame_000662.jpg,1,0.9864168763160706,619,453,0.7318255250403877,26.976511088491435
v12,4377,data/processed/frames_v12_1fps/frame_000147.jpg,v13,19843,28.194905562573414,v13,19813,data/processed/frames_v13_1fps/frame_000662.jpg,2,0.9881042838096619,611,466,0.762684124386252,29.55701988904127
v12,4407,data/processed/frames_v12_1fps/frame_000148.jpg,v13,19843,31.266288295521154,v13,19843,data/processed/frames_v13_1fps/frame_000663.jpg,1,0.9882702231407166,628,482,0.767515923566879,31.266288295521154
v12,4437,data/processed/frames_v12_1fps/frame_000149.jpg,v13,19843,34.07384471280763,v13,19753,data/processed/frames_v13_1fps/frame_000660.jpg,5,0.978168249130249,507,349,0.6883629191321499,46.480260205935366
v12,4467,data/processed/frames_v12_1fps/frame_000150.jpg,v13,15077,78.99984542176765,v13,14988,data/processed/frames_v13_1fps/frame_000501.jpg,10,0.9562575221061707,382,161,0.4214659685863874,82.82716132684719
v12,4497,data/processed/frames_v12_1fps/frame_000151.jpg,v11,1859,125.39510236180477,v11,1739,data/processed/frames_v11_1fps/frame_000059.jpg,5,0.9890823364257812,684,544,0.7953216374269005,118.96533830046232
v12,4527,data/processed/frames_v12_1fps/frame_000152.jpg,v13,20982,140.53985841621449,v13,20952,data/processed/frames_v13_1fps/frame_000700.jpg,2,0.9899572730064392,658,382,0.5805471124620061,131.3820283602293
v12,4557,data/processed/frames_v12_1fps/frame_000153.jpg,v13,2639,127.03226309780295,v13,2729,data/processed/frames_v13_1fps/frame_000092.jpg,4,0.983762264251709,554,485,0.8754512635379061,129.1838337937318
v12,4587,data/processed/frames_v12_1fps/frame_000154.jpg,v13,11061,14.852636363280624,v11,5906,data/processed/frames_v11_1fps/frame_000198.jpg,7,0.976245641708374,439,304,0.6924829157175398,101.6046176641253
v12,4617,data/processed/frames_v12_1fps/frame_000155.jpg,v13,19843,34.168417230461316,v11,6205,data/processed/frames_v11_1fps/frame_000208.jpg,7,0.9722617268562317,435,201,0.46206896551724136,30.101027151082107
v12,4647,data/processed/frames_v12_1fps/frame_000156.jpg,v13,19843,34.18285572200117,v14,1889,data/processed/frames_v14_1fps/frame_000064.jpg,10,0.9673032760620117,512,338,0.66015625,29.79881647204452
v12,4677,data/processed/frames_v12_1fps/frame_000157.jpg,v13,19843,34.197385592396195,v13,19843,data/processed/frames_v13_1fps/frame_000663.jpg,1,0.9909986257553101,650,491,0.7553846153846154,34.197385592396195
v12,4707,data/processed/frames_v12_1fps/frame_000158.jpg,v13,19843,34.197385592396195,v13,19843,data/processed/frames_v13_1fps/frame_000663.jpg,1,0.9912630915641785,646,500,0.7739938080495357,34.197385592396195
v12,4737,data/processed/frames_v12_1fps/frame_000159.jpg,v13,19843,34.087324656970026,v13,19843,data/processed/frames_v13_1fps/frame_000663.jpg,1,0.9908360838890076,646,493,0.7631578947368421,34.087324656970026
v12,4767,data/processed/frames_v12_1fps/frame_000160.jpg,v13,19843,34.0728222595165,v13,19843,data/processed/frames_v13_1fps/frame_000663.jpg,1,0.9907646179199219,651,504,0.7741935483870968,34.0728222595165
v12,4797,data/processed/frames_v12_1fps/frame_000161.jpg,v13,19783,40.27700756873487,v13,19813,data/processed/frames_v13_1fps/frame_000662.jpg,2,0.9835250377655029,606,448,0.7392739273927392,36.07978817490825
v12,4827,data/processed/frames_v12_1fps/frame_000162.jpg,v14,1919,28.02051970847791,v14,1919,data/processed/frames_v14_1fps/frame_000065.jpg,1,0.9862586855888367,589,357,0.6061120543293718,28.02051970847791
v12,4857,data/processed/frames_v12_1fps/frame_000163.jpg,v13,19843,34.073007260647714,v14,1919,data/processed/frames_v14_1fps/frame_000065.jpg,9,0.9703814387321472,544,369,0.6783088235294118,27.88900454254414
v12,4887,data/processed/frames_v12_1fps/frame_000164.jpg,v13,19933,43.64839942209498,v11,6205,data/processed/frames_v11_1fps/frame_000208.jpg,10,0.9479939341545105,316,161,0.509493670886076,30.15259580179808
v12,4917,data/processed/frames_v12_1fps/frame_000165.jpg,v13,20083,84.471871739122,v13,1889,data/processed/frames_v13_1fps/frame_000064.jpg,8,0.9457412958145142,282,277,0.9822695035460993,127.01007796386101
v12,4947,data/processed/frames_v12_1fps/frame_000166.jpg,v13,1919,127.01007796386101,v13,1919,data/processed/frames_v13_1fps/frame_000065.jpg,1,0.9938304424285889,662,653,0.986404833836858,127.01007796386101
v12,4977,data/processed/frames_v12_1fps/frame_000167.jpg,v13,1919,127.01007796386101,v13,1919,data/processed/frames_v13_1fps/frame_000065.jpg,1,0.9361749887466431,531,512,0.9642184557438794,127.01007796386101
v12,5007,data/processed/frames_v12_1fps/frame_000168.jpg,v13,1919,127.01007796386101,v13,1919,data/processed/frames_v13_1fps/frame_000065.jpg,1,0.9961372017860413,695,677,0.9741007194244604,127.01007796386101
v12,5036,data/processed/frames_v12_1fps/frame_000169.jpg,v13,1919,127.01007796386101,v13,1919,data/processed/frames_v13_1fps/frame_000065.jpg,1,0.9896165728569031,688,661,0.9607558139534884,127.01007796386101
v12,5066,data/processed/frames_v12_1fps/frame_000170.jpg,v13,1919,126.86809988639452,v13,1919,data/processed/frames_v13_1fps/frame_000065.jpg,1,0.9961600303649902,684,675,0.9868421052631579,126.86809988639452
v12,5096,data/processed/frames_v12_1fps/frame_000171.jpg,v13,1979,126.87257715245592,v13,1979,data/processed/frames_v13_1fps/frame_000067.jpg,1,0.9947163462638855,694,670,0.9654178674351584,126.87257715245592
v12,5126,data/processed/frames_v12_1fps/frame_000172.jpg,v13,2039,127.01888484935044,v13,2039,data/processed/frames_v13_1fps/frame_000069.jpg,1,0.9943293333053589,620,568,0.9161290322580645,127.01888484935044
v12,5156,data/processed/frames_v12_1fps/frame_000173.jpg,v13,2039,127.01888484935044,v13,2039,data/processed/frames_v13_1fps/frame_000069.jpg,1,0.9917885065078735,545,537,0.9853211009174312,127.01888484935044
v12,5186,data/processed/frames_v12_1fps/frame_000174.jpg,v13,2099,127.02343439876226,v13,2099,data/processed/frames_v13_1fps/frame_000071.jpg,1,0.9894275069236755,606,582,0.9603960396039604,127.02343439876226
v12,5216,data/processed/frames_v12_1fps/frame_000175.jpg,v13,2129,126.87715193009726,v13,2129,data/processed/frames_v13_1fps/frame_000072.jpg,1,0.987643301486969,669,650,0.9715994020926756,126.87715193009726
v12,5246,data/processed/frames_v12_1fps/frame_000176.jpg,v13,2249,126.9713691211815,v13,2159,data/processed/frames_v13_1fps/frame_000073.jpg,2,0.9923297762870789,716,699,0.9762569832402235,126.96679773833661
v12,5276,data/processed/frames_v12_1fps/frame_000177.jpg,v13,2189,126.8725771524559,v13,2189,data/processed/frames_v13_1fps/frame_000074.jpg,1,0.9937834739685059,720,706,0.9805555555555555,126.8725771524559
v12,5306,data/processed/frames_v12_1fps/frame_000178.jpg,v13,2219,126.92921643990749,v13,2219,data/processed/frames_v13_1fps/frame_000075.jpg,1,0.9892943501472473,640,629,0.9828125,126.92921643990749
v12,5336,data/processed/frames_v12_1fps/frame_000179.jpg,v13,1170,26.512626107794368,v13,1620,data/processed/frames_v13_1fps/frame_000055.jpg,8,0.9795060157775879,496,473,0.9536290322580645,121.92743825885749
v12,5366,data/processed/frames_v12_1fps/frame_000180.jpg,v13,1290,24.47746645834228,v13,1650,data/processed/frames_v13_1fps/frame_000056.jpg,6,0.9926044344902039,692,668,0.9653179190751445,126.59695192423564
v12,5396,data/processed/frames_v12_1fps/frame_000181.jpg,v13,1709,127.24142014591592,v13,1709,data/processed/frames_v13_1fps/frame_000058.jpg,1,0.9826470613479614,497,480,0.96579476861167,127.24142014591592
v12,5426,data/processed/frames_v12_1fps/frame_000182.jpg,v13,1799,127.06141660576127,v13,1769,data/processed/frames_v13_1fps/frame_000060.jpg,2,0.9923076033592224,709,690,0.9732016925246827,127.06141660576127
v12,5456,data/processed/frames_v12_1fps/frame_000183.jpg,v13,1829,127.15564382538126,v13,1829,data/processed/frames_v13_1fps/frame_000062.jpg,1,0.9927893280982971,735,711,0.9673469387755103,127.15564382538126
v12,5486,data/processed/frames_v12_1fps/frame_000184.jpg,v13,1889,127.10430594280062,v13,1859,data/processed/frames_v13_1fps/frame_000063.jpg,2,0.9904683828353882,645,626,0.9705426356589147,127.2498711500093
v12,5516,data/processed/frames_v12_1fps/frame_000185.jpg,v13,1919,127.10430594280062,v13,1919,data/processed/frames_v13_1fps/frame_000065.jpg,1,0.9947224855422974,661,647,0.9788199697428139,127.10430594280062
v12,5546,data/processed/frames_v12_1fps/frame_000186.jpg,v13,1949,127.10430594280062,v13,1949,data/processed/frames_v13_1fps/frame_000066.jpg,1,0.9925342798233032,617,607,0.9837925445705025,127.10430594280062
v12,5576,data/processed/frames_v12_1fps/frame_000187.jpg,v13,2009,127.01443270095997,v13,2009,data/processed/frames_v13_1fps/frame_000068.jpg,1,0.9932403564453125,600,579,0.965,127.01443270095997
v12,5606,data/processed/frames_v12_1fps/frame_000188.jpg,v13,2039,127.01443270095997,v13,2039,data/processed/frames_v13_1fps/frame_000069.jpg,1,0.993402898311615,648,630,0.9722222222222222,127.01443270095997
v12,5636,data/processed/frames_v12_1fps/frame_000189.jpg,v13,2069,127.01888484935044,v13,2069,data/processed/frames_v13_1fps/frame_000070.jpg,1,0.9914916157722473,655,624,0.9526717557251908,127.01888484935044
v12,5666,data/processed/frames_v12_1fps/frame_000190.jpg,v13,2099,127.01888484935044,v13,2099,data/processed/frames_v13_1fps/frame_000071.jpg,1,0.9918798208236694,700,641,0.9157142857142857,127.01888484935044
v12,5696,data/processed/frames_v12_1fps/frame_000191.jpg,v13,2309,127.02808133870022,v13,2309,data/processed/frames_v13_1fps/frame_000078.jpg,1,0.9952847361564636,779,764,0.9807445442875481,127.02808133870022
v12,5726,data/processed/frames_v12_1fps/frame_000192.jpg,v13,2159,126.8725771524559,v13,2159,data/processed/frames_v13_1fps/frame_000073.jpg,1,0.9946982860565186,756,738,0.9761904761904762,126.8725771524559
v12,5756,data/processed/frames_v12_1fps/frame_000193.jpg,v13,2189,126.92466351333063,v13,2189,data/processed/frames_v13_1fps/frame_000074.jpg,1,0.9922047853469849,670,655,0.9776119402985075,126.92466351333063
v12,5786,data/processed/frames_v12_1fps/frame_000194.jpg,v13,2219,126.92921643990749,v13,2219,data/processed/frames_v13_1fps/frame_000075.jpg,1,0.9845103621482849,507,495,0.9763313609467456,126.92921643990749
v12,5816,data/processed/frames_v12_1fps/frame_000195.jpg,v13,1170,26.601557358899516,v13,1650,data/processed/frames_v13_1fps/frame_000056.jpg,9,0.9861404299736023,603,583,0.966832504145937,126.69123659947168
v12,5846,data/processed/frames_v12_1fps/frame_000196.jpg,v13,1230,25.233549746339694,v13,1680,data/processed/frames_v13_1fps/frame_000057.jpg,4,0.9878753423690796,651,631,0.9692780337941628,128.70847450602054
v12,5876,data/processed/frames_v12_1fps/frame_000197.jpg,v13,1709,127.33565382959684,v13,1709,data/processed/frames_v13_1fps/frame_000058.jpg,1,0.9861685633659363,534,511,0.9569288389513109,127.33565382959684
v12,5906,data/processed/frames_v12_1fps/frame_000198.jpg,v13,1709,127.28348288255921,v13,1709,data/processed/frames_v13_1fps/frame_000058.jpg,1,0.9902116060256958,618,594,0.9611650485436893,127.28348288255921
v12,5936,data/processed/frames_v12_1fps/frame_000199.jpg,v13,1709,126.65780814800159,v13,1709,data/processed/frames_v13_1fps/frame_000058.jpg,1,0.9882733821868896,597,552,0.9246231155778895,126.65780814800159
v12,5966,data/processed/frames_v12_1fps/frame_000200.jpg,v13,1709,125.00764098834333,v13,1739,data/processed/frames_v13_1fps/frame_000059.jpg,2,0.9871619939804077,553,509,0.9204339963833634,124.82447861586262
v12,5996,data/processed/frames_v12_1fps/frame_000201.jpg,v13,1709,123.25766804375095,v13,1709,data/processed/frames_v13_1fps/frame_000058.jpg,1,0.9897899627685547,556,470,0.8453237410071942,123.25766804375095
v12,6026,data/processed/frames_v12_1fps/frame_000202.jpg,v13,1709,121.75760982908074,v13,1709,data/processed/frames_v13_1fps/frame_000058.jpg,1,0.986546516418457,540,424,0.7851851851851852,121.75760982908074
v12,6056,data/processed/frames_v12_1fps/frame_000203.jpg,v13,1709,120.21066824165845,v13,1709,data/processed/frames_v13_1fps/frame_000058.jpg,1,0.9874784350395203,488,364,0.7459016393442623,120.21066824165845
v12,6086,data/processed/frames_v12_1fps/frame_000204.jpg,v13,1709,118.76290364735281,v13,1709,data/processed/frames_v13_1fps/frame_000058.jpg,1,0.9852309823036194,467,324,0.6937901498929336,118.76290364735281
v12,6116,data/processed/frames_v12_1fps/frame_000205.jpg,v13,1709,117.22634724189123,v13,1709,data/processed/frames_v13_1fps/frame_000058.jpg,1,0.982001006603241,462,312,0.6753246753246753,117.22634724189123
v12,6145,data/processed/frames_v12_1fps/frame_000206.jpg,v13,1709,115.61081916214334,v13,1709,data/processed/frames_v13_1fps/frame_000058.jpg,1,0.9796879887580872,443,256,0.5778781038374717,115.61081916214334
v12,6175,data/processed/frames_v12_1fps/frame_000207.jpg,v13,1709,114.0863846898193,v13,1620,data/processed/frames_v13_1fps/frame_000055.jpg,5,0.9612919092178345,190,112,0.5894736842105263,108.36462912813926
v12,6205,data/processed/frames_v12_1fps/frame_000208.jpg,v13,15167,146.13310701701113,v11,2279,data/processed/frames_v11_1fps/frame_000077.jpg,8,0.9369374513626099,257,126,0.490272373540856,113.76255117978428
v12,6235,data/processed/frames_v12_1fps/frame_000209.jpg,v13,15107,96.04188457932383,v14,2369,data/processed/frames_v14_1fps/frame_000080.jpg,8,0.9473764896392822,359,229,0.637883008356546,78.20329978631366
v12,6265,data/processed/frames_v12_1fps/frame_000210.jpg,v14,2369,76.88767719794042,v11,1620,data/processed/frames_v11_1fps/frame_000055.jpg,10,0.9494736790657043,386,303,0.7849740932642487,94.477413789261
v12,6295,data/processed/frames_v12_1fps/frame_000211.jpg,v14,2369,75.63186167070734,v11,1470,data/processed/frames_v11_1fps/frame_000050.jpg,7,0.9287422299385071,264,241,0.9128787878787878,85.40885001909484
v12,6325,data/processed/frames_v12_1fps/frame_000212.jpg,v14,2429,72.19856115927432,v14,2459,data/processed/frames_v14_1fps/frame_000083.jpg,3,0.9368560910224915,118,73,0.6186440677966102,71.3225875938151
v12,6355,data/processed/frames_v12_1fps/frame_000213.jpg,v14,2429,70.99274377158957,v11,1290,data/processed/frames_v11_1fps/frame_000044.jpg,7,0.9261768460273743,94,67,0.7127659574468085,73.1012250750247
v12,6385,data/processed/frames_v12_1fps/frame_000214.jpg,v14,2429,69.60414846458369,v11,1320,data/processed/frames_v11_1fps/frame_000045.jpg,9,0.9194740653038025,96,72,0.75,72.65823917890572
v12,6415,data/processed/frames_v12_1fps/frame_000215.jpg,v14,2429,68.3358634715364,v11,1260,data/processed/frames_v11_1fps/frame_000043.jpg,9,0.9109297394752502,96,76,0.7916666666666666,68.21736935919091
v12,6445,data/processed/frames_v12_1fps/frame_000216.jpg,v14,2429,67.23251859263912,v11,1260,data/processed/frames_v11_1fps/frame_000043.jpg,8,0.9149835705757141,99,76,0.7676767676767676,66.7447876843638
v12,6475,data/processed/frames_v12_1fps/frame_000217.jpg,v14,2429,66.00691147037627,v11,1230,data/processed/frames_v11_1fps/frame_000042.jpg,7,0.9132901430130005,116,93,0.8017241379310345,63.457492517738785
v12,6505,data/processed/frames_v12_1fps/frame_000218.jpg,v14,2429,64.73260622039736,v11,1230,data/processed/frames_v11_1fps/frame_000042.jpg,6,0.9085013270378113,113,83,0.7345132743362832,61.84259283274933
v12,6535,data/processed/frames_v12_1fps/frame_000219.jpg,v14,2429,63.5520513129857,v11,1170,data/processed/frames_v11_1fps/frame_000040.jpg,8,0.9016808271408081,133,108,0.8120300751879699,56.942997349188616
v12,6565,data/processed/frames_v12_1fps/frame_000220.jpg,v11,1200,57.00962516017692,v11,1140,data/processed/frames_v11_1fps/frame_000039.jpg,10,0.9081870317459106,160,136,0.85,53.82130378108477
v12,6595,data/processed/frames_v12_1fps/frame_000221.jpg,v14,2429,56.61599287639158,v11,1140,data/processed/frames_v11_1fps/frame_000039.jpg,7,0.8933127522468567,169,145,0.8579881656804734,27.18250587693842
v12,6625,data/processed/frames_v12_1fps/frame_000222.jpg,v14,2429,56.3280607642879,v11,1140,data/processed/frames_v11_1fps/frame_000039.jpg,6,0.8978536128997803,177,143,0.807909604519774,26.86562788794498
v12,6655,data/processed/frames_v12_1fps/frame_000223.jpg,v14,2429,55.6176551269056,v11,1140,data/processed/frames_v11_1fps/frame_000039.jpg,10,0.9001616835594177,179,152,0.8491620111731844,26.126025961699153
v12,6685,data/processed/frames_v12_1fps/frame_000224.jpg,v14,2429,55.01854917577169,v11,1170,data/processed/frames_v11_1fps/frame_000040.jpg,10,0.9076273441314697,135,103,0.762962962962963,26.86066186549569
v12,6715,data/processed/frames_v12_1fps/frame_000225.jpg,v14,2429,55.39271071939838,v11,1140,data/processed/frames_v11_1fps/frame_000039.jpg,7,0.9081670641899109,168,144,0.8571428571428571,25.89575327691737
v12,6745,data/processed/frames_v12_1fps/frame_000226.jpg,v14,2429,56.36671462357744,v11,1140,data/processed/frames_v11_1fps/frame_000039.jpg,9,0.9014819860458374,175,131,0.7485714285714286,26.874978187459263
v12,6775,data/processed/frames_v12_1fps/frame_000227.jpg,v11,1200,16.709426513181352,v11,1140,data/processed/frames_v11_1fps/frame_000039.jpg,9,0.9100745916366577,174,126,0.7241379310344828,14.978270400231816
v12,6805,data/processed/frames_v12_1fps/frame_000228.jpg,v11,1200,16.076804251695172,v11,1170,data/processed/frames_v11_1fps/frame_000040.jpg,5,0.9129781126976013,151,126,0.8344370860927153,15.250367664807012
v12,6835,data/processed/frames_v12_1fps/frame_000229.jpg,v14,2429,43.09745151965677,v11,1140,data/processed/frames_v11_1fps/frame_000039.jpg,6,0.9016472101211548,175,134,0.7657142857142857,14.424098517176951
v12,6865,data/processed/frames_v12_1fps/frame_000230.jpg,v14,2429,42.902142994258284,v11,1140,data/processed/frames_v11_1fps/frame_000039.jpg,8,0.8984308242797852,174,127,0.7298850574712644,13.874566023388052
v12,6895,data/processed/frames_v12_1fps/frame_000231.jpg,v11,1170,14.786149922841874,v11,1140,data/processed/frames_v11_1fps/frame_000039.jpg,4,0.8971909284591675,163,130,0.7975460122699386,13.731434205095
v12,6925,data/processed/frames_v12_1fps/frame_000232.jpg,v14,2549,36.30912677913758,v11,1140,data/processed/frames_v11_1fps/frame_000039.jpg,10,0.8981881737709045,153,115,0.7516339869281046,13.555403925879101
v12,6955,data/processed/frames_v12_1fps/frame_000233.jpg,v14,2549,36.374673940652016,v11,1140,data/processed/frames_v11_1fps/frame_000039.jpg,6,0.8936434984207153,134,106,0.7910447761194029,13.658625993242431
v12,6985,data/processed/frames_v12_1fps/frame_000234.jpg,v14,2549,36.39135820223607,v11,1230,data/processed/frames_v11_1fps/frame_000042.jpg,2,0.8841280937194824,89,25,0.2808988764044944,18.624776062592773
v12,7015,data/processed/frames_v12_1fps/frame_000235.jpg,v11,1230,19.374930235967746,v11,990,data/processed/frames_v11_1fps/frame_000034.jpg,6,0.8655429482460022,258,180,0.6976744186046512,8.801106978659073
v12,7045,data/processed/frames_v12_1fps/frame_000236.jpg,v14,2549,36.74647569204916,v11,990,data/processed/frames_v11_1fps/frame_000034.jpg,5,0.8591629862785339,210,161,0.7666666666666667,8.588446951810592
v12,7075,data/processed/frames_v12_1fps/frame_000237.jpg,v11,900,6.7718040071788925,v11,930,data/processed/frames_v11_1fps/frame_000032.jpg,9,0.8384606838226318,222,150,0.6756756756756757,7.100914387912785
v12,7105,data/processed/frames_v12_1fps/frame_000238.jpg,v14,2938,14.862487651219705,v11,930,data/processed/frames_v11_1fps/frame_000032.jpg,6,0.8197596073150635,163,122,0.7484662576687117,7.002185295830942
v12,7135,data/processed/frames_v12_1fps/frame_000239.jpg,v14,2968,15.975281628211143,v11,930,data/processed/frames_v11_1fps/frame_000032.jpg,4,0.8216956853866577,148,101,0.6824324324324325,7.041535056298779
v12,7165,data/processed/frames_v12_1fps/frame_000240.jpg,v11,900,5.960840209135857,v11,900,data/processed/frames_v11_1fps/frame_000031.jpg,1,0.84848952293396,161,100,0.6211180124223602,5.960840209135857
v12,7195,data/processed/frames_v12_1fps/frame_000241.jpg,v14,2639,9.491464778874212,v11,990,data/processed/frames_v11_1fps/frame_000034.jpg,5,0.8457637429237366,72,44,0.6111111111111112,17.10157351627046
v12,7225,data/processed/frames_v12_1fps/frame_000242.jpg,v11,990,13.19889026877267,v11,990,data/processed/frames_v11_1fps/frame_000034.jpg,1,0.8667064905166626,94,53,0.5638297872340425,13.19889026877267
v12,7254,data/processed/frames_v12_1fps/frame_000243.jpg,v11,1230,24.313069986087367,v11,990,data/processed/frames_v11_1fps/frame_000034.jpg,3,0.8488484025001526,89,45,0.5056179775280899,12.817208856221347
v12,7284,data/processed/frames_v12_1fps/frame_000244.jpg,v11,840,7.830817144278353,v11,840,data/processed/frames_v11_1fps/frame_000029.jpg,1,0.8297626972198486,180,107,0.5944444444444444,7.830817144278353
v12,7314,data/processed/frames_v12_1fps/frame_000245.jpg,v11,840,7.033866486878307,v11,840,data/processed/frames_v11_1fps/frame_000029.jpg,1,0.8447948098182678,262,150,0.5725190839694656,7.033866486878307
v12,7344,data/processed/frames_v12_1fps/frame_000246.jpg,v11,750,7.058536850126633,v11,840,data/processed/frames_v11_1fps/frame_000029.jpg,4,0.9336280226707458,432,271,0.6273148148148148,7.044588364779715
v12,7374,data/processed/frames_v12_1fps/frame_000247.jpg,v11,840,7.264998924732949,v11,810,data/processed/frames_v11_1fps/frame_000028.jpg,2,0.939741313457489,420,283,0.6738095238095239,6.997911580423196
v12,7404,data/processed/frames_v12_1fps/frame_000248.jpg,v11,870,7.933146029952358,v11,840,data/processed/frames_v11_1fps/frame_000029.jpg,3,0.8842211365699768,302,156,0.5165562913907285,7.264998924732949
v12,7434,data/processed/frames_v12_1fps/frame_000249.jpg,v11,870,7.933146029952358,v11,810,data/processed/frames_v11_1fps/frame_000028.jpg,7,0.8386662602424622,203,128,0.6305418719211823,6.997911580423196
v12,7464,data/processed/frames_v12_1fps/frame_000250.jpg,v11,840,6.864129212508203,v11,810,data/processed/frames_v11_1fps/frame_000028.jpg,3,0.8620601892471313,259,111,0.42857142857142855,6.545660198137774
v12,7494,data/processed/frames_v12_1fps/frame_000251.jpg,v11,840,6.24121209700466,v11,810,data/processed/frames_v11_1fps/frame_000028.jpg,3,0.8694961071014404,277,99,0.3574007220216607,5.807265549045355
v12,7524,data/processed/frames_v12_1fps/frame_000252.jpg,v11,840,6.406779087251906,v11,810,data/processed/frames_v11_1fps/frame_000028.jpg,2,0.8670853972434998,270,81,0.3,5.97604054573661
v12,7554,data/processed/frames_v12_1fps/frame_000253.jpg,v11,840,7.070737071718005,v11,810,data/processed/frames_v11_1fps/frame_000028.jpg,2,0.8770989775657654,276,100,0.36231884057971014,6.666421435592003
v12,7584,data/processed/frames_v12_1fps/frame_000254.jpg,v14,3178,2.528293487280115,v14,3148,data/processed/frames_v14_1fps/frame_000106.jpg,2,0.8590658903121948,270,81,0.3,2.197198135977039
v12,7614,data/processed/frames_v12_1fps/frame_000255.jpg,v14,3298,1.994319364439724,v14,3148,data/processed/frames_v14_1fps/frame_000106.jpg,5,0.8471181392669678,260,59,0.22692307692307692,1.2632881914674754
v12,7644,data/processed/frames_v12_1fps/frame_000256.jpg,v14,3358,2.593717719778932,v14,3328,data/processed/frames_v14_1fps/frame_000112.jpg,2,0.8686522245407104,126,47,0.373015873015873,2.3838446048848523
v12,7674,data/processed/frames_v12_1fps/frame_000257.jpg,v14,3358,2.6572229294220175,v14,3298,data/processed/frames_v14_1fps/frame_000111.jpg,5,0.8411126732826233,100,33,0.33,1.7149974184853563
v12,7704,data/processed/frames_v12_1fps/frame_000258.jpg,v14,3388,2.965002248323348,v13,151,data/processed/frames_v13_1fps/frame_000006.jpg,7,0.6544302701950073,140,36,0.2571428571428571,9.445520755300176
v12,7734,data/processed/frames_v12_1fps/frame_000259.jpg,v14,3418,3.2261525640321143,v13,121,data/processed/frames_v13_1fps/frame_000005.jpg,3,0.768933892250061,123,39,0.3170731707317073,10.40054136211375
v12,7764,data/processed/frames_v12_1fps/frame_000260.jpg,v14,3418,3.299024881076723,v13,121,data/processed/frames_v13_1fps/frame_000005.jpg,3,0.6998056769371033,85,32,0.3764705882352941,10.460401571612062
